station_id,indsinop,station_name,province,altitude,lon,lat,island
C018J,,TÍAS,LAS PALMAS,376,-13.690277799999999,28.969722200000003,Lanzarote
C019V,,YAIZA PLAYA BLANCA,LAS PALMAS,6,-13.834999999999999,28.858888900000004,Lanzarote
C029O,60040,LANZAROTE AEROPUERTO,LAS PALMAS,14,-13.600277799999999,28.951944400000006,Lanzarote
C038N,,HARÍA,LAS PALMAS,277,-13.489166700000002,29.143611099999994,Lanzarote
C048W,,TINAJO,LAS PALMAS,275,-13.6808333,29.0425,Lanzarote
C101A,,ROQUE DE LOS MUCHACHOS,SANTA CRUZ DE TENERIFE,2223,-17.8952778,28.7558333,La Palma
C117A,,PUNTAGORDA,STA. CRUZ DE TENERIFE,684,-17.985555599999998,28.7605556,La Palma
C117Z,,TIJARAFE,STA. CRUZ DE TENERIFE,733,-17.9366667,28.6747222,La Palma
C126A,,EL PASO,STA. CRUZ DE TENERIFE,844,-17.853055599999998,28.6538889,La Palma
C129V,,FUENCALIENTE,STA. CRUZ DE TENERIFE,19,-17.8411111,28.454999999999995,La Palma
C129Z,60004,TAZACORTE,SANTA CRUZ DE TENERIFE,62,-17.915277800000002,28.595833300000002,La Palma
C139E,60005,LA PALMA AEROPUERTO,SANTA CRUZ DE TENERIFE,33,-17.754999999999995,28.6330556,La Palma
C148F,,SAN ANDRÉS Y SAUCES,STA. CRUZ DE TENERIFE,362,-17.7822222,28.8047222,La Palma
C229J,,PÁJARA,LAS PALMAS,15,-14.3580556,28.0491667,Fuerteventura
C239N,,"TUINEJE,PUERTO GRAN TARAJAL",LAS PALMAS,1,-14.0230556,28.2086111,Fuerteventura
C248E,,ANTIGUA,LAS PALMAS,252,-14.019166699999998,28.4169444,Fuerteventura
C249I,60035,FUERTEVENTURA AEROPUERTO,LAS PALMAS,25,-13.863055599999997,28.444722199999998,Fuerteventura
C258K,,LA OLIVA,LAS PALMAS,217,-13.9316667,28.612499999999997,Fuerteventura
C314Z,,"VALLEHERMOSO, ALTO IGUALERO",STA. CRUZ DE TENERIFE,1474,-17.249166699999996,28.1069444,La Gomera
C316I,,ARURE,STA. CRUZ DE TENERIFE,916,-17.314999999999998,28.1283333,La Gomera
C317B,,AGULO,STA. CRUZ DE TENERIFE,765,-17.213055600000004,28.178888900000004,La Gomera
C319W,,"VALLEHERMOSO, DAMA",STA. CRUZ DE TENERIFE,190,-17.3063889,28.0541667,La Gomera
C328W,,HERMIGUA,STA. CRUZ DE TENERIFE,252,-17.194166699999997,28.1636111,La Gomera
C329B,60007,"LA GOMERA, AEROPUERTO",STA. CRUZ DE TENERIFE,219,-17.2108333,28.031666700000002,La Gomera
C329Z,60008,SAN SEBASTIÁN DE LA GOMERA,STA. CRUZ DE TENERIFE,15,-17.111388899999998,28.0897222,La Gomera
C406G,,"LA OROTAVA, CAÑADAS TEIDE",STA. CRUZ DE TENERIFE,2150,-16.626111099999996,28.224166699999998,Tenerife
C412N,,CITFAGRO_89_CHAVAO,STA. CRUZ DE TENERIFE,2071,-16.705277799999998,28.219722200000003,Tenerife
C415A,,CITFAGRO_64_HOYOS,STA. CRUZ DE TENERIFE,990,-16.805555599999998,28.3052778,Tenerife
C417J,,CITFAGRO_74_CHIO,STA. CRUZ DE TENERIFE,735,-16.7891667,28.233333299999998,Tenerife
C418I,,CITFAGRO_05_GUIAISO1,STA. CRUZ DE TENERIFE,476,-16.7897222,28.214444399999994,Tenerife
C418L,,CITFAGRO_76_POZO,STA. CRUZ DE TENERIFE,700,-16.763055599999998,28.2002778,Tenerife
C419L,60024,LOMO DEL BALO,SANTA CRUZ DE TENERIFE,403,-16.7919444,28.206944399999998,Tenerife
C419X,,ADEJE,STA. CRUZ DE TENERIFE,130,-16.710555599999996,28.081388899999997,Tenerife
C422A,,CITFAGRO_94_LOSTOPOS,STA. CRUZ DE TENERIFE,1833,-16.651388899999997,28.171944399999997,Tenerife
C423R,,CITFAGRO_90_PICACHO,STA. CRUZ DE TENERIFE,1654,-16.5211111,28.224166699999998,Tenerife
C426E,,CITFAGRO_13_VILAFLOR,STA. CRUZ DE TENERIFE,1258,-16.628055599999996,28.1441667,Tenerife
C426I,,CITFAGRO_77_PINAL,STA. CRUZ DE TENERIFE,880,-16.6058333,28.126944400000003,Tenerife
C426R,,CITFAGRO_09_HELECHO,STA. CRUZ DE TENERIFE,930,-16.4905556,28.216944400000006,Tenerife
C428T,,ARICO,STA. CRUZ DE TENERIFE,418,-16.483333299999998,28.1808333,Tenerife
C428U,,CITFAGRO_01_ARICO,STA. CRUZ DE TENERIFE,135,-16.472499999999997,28.131111099999995,Tenerife
C429I,60025,TENERIFE SUR AEROPUERTO,SANTA CRUZ DE TENERIFE,64,-16.561111099999998,28.046944399999994,Tenerife
C430E,60010,IZAÑA,SANTA CRUZ DE TENERIFE,2369,-16.499722199999997,28.308333299999997,Tenerife
C436I,,CITFAGRO_54_TOPONEGRO,STA. CRUZ DE TENERIFE,290,-16.4055556,28.3263889,Tenerife
C436L,,CITFAGRO_96_ARAYA,STA. CRUZ DE TENERIFE,525,-16.3975,28.3705556,Tenerife
C437E,,CITFAGRO_81_MENA,STA. CRUZ DE TENERIFE,500,-16.4197222,28.2697222,Tenerife
C438N,,CANDELARIA,STA. CRUZ DE TENERIFE,463,-16.4016667,28.3591667,Tenerife
C439J,60018,GÜÍMAR,SANTA CRUZ DE TENERIFE,115,-16.382222199999998,28.318333300000003,Tenerife
C446G,,"SAN CRISTÓBAL DE LA LAGUNA,LLANO DE LOS LOROS",STA. CRUZ DE TENERIFE,868,-16.2802778,28.526388899999997,Tenerife
C447A,60015,TENERIFE NORTE AEROPUERTO,SANTA CRUZ DE TENERIFE,632,-16.3294444,28.4775,Tenerife
C448C,,CITFAGRO_92_SANTACRUZ,STA. CRUZ DE TENERIFE,136,-16.2733333,28.462500000000002,Tenerife
C449C,60020,STA.CRUZ DE TENERIFE,SANTA CRUZ DE TENERIFE,36,-16.255277800000002,28.463333300000002,Tenerife
C449F,,ANAGA,STA. CRUZ DE TENERIFE,19,-16.195555600000002,28.5080556,Tenerife
C449Q,,CITFAGRO_97_TAGANANA,STA. CRUZ DE TENERIFE,305,-16.228055599999998,28.559999999999995,Tenerife
C453I,,CITFAGRO_88_GAITERO,STA. CRUZ DE TENERIFE,1744,-16.4333333,28.394722200000004,Tenerife
C455M,,CITFAGRO_87_AGUAMANSA,STA. CRUZ DE TENERIFE,1065,-16.4969444,28.361666699999997,Tenerife
C456E,,CITFAGRO_10_RAVELO,STA. CRUZ DE TENERIFE,922,-16.408611099999995,28.4538889,Tenerife
C456P,,CITFAGRO_70_BENIJO,STA. CRUZ DE TENERIFE,906,-16.5466667,28.361388899999998,Tenerife
C456R,,CITFAGRO_69_SUERTE,STA. CRUZ DE TENERIFE,551,-16.5419444,28.372777799999998,Tenerife
C457E,,CITFAGRO_67_MATANZA,STA. CRUZ DE TENERIFE,650,-16.4380556,28.449444399999997,Tenerife
C457I,,LA VICTORIA DE ACENTEJO,STA. CRUZ DE TENERIFE,567,-16.4544444,28.4344444,Tenerife
C458A,,TACORONTE,STA. CRUZ DE TENERIFE,310,-16.419999999999998,28.4963889,Tenerife
C458U,,CITFAGRO_71_PALOB,STA. CRUZ DE TENERIFE,595,-16.578055599999995,28.3686111,Tenerife
C459Z,60012,PUERTO DE LA CRUZ,STA. CRUZ DE TENERIFE,25,-16.5483333,28.4180556,Tenerife
C466O,,CITFAGRO_91_CUBO,STA. CRUZ DE TENERIFE,878,-16.794444399999996,28.3391667,Tenerife
C467I,,CITFAGRO_73_REDON,STA. CRUZ DE TENERIFE,525,-16.7083333,28.353333300000003,Tenerife
C468I,,CITFAGRO_98_ELDRAGO,STA. CRUZ DE TENERIFE,218,-16.722222200000004,28.366944399999998,Tenerife
C468O,,CITFAGRO_62_TRIGO,STA. CRUZ DE TENERIFE,450,-16.8013889,28.356944400000003,Tenerife
C468X,,SAN JUAN DE LA RAMBLA,STA. CRUZ DE TENERIFE,667,-16.6258333,28.373055599999994,Tenerife
C611E,,VEGA DE SAN MATEO,LAS PALMAS,1702,-15.5838889,27.976666700000003,Gran Canaria
C612F,,"TEJEDA, CRUZ DE TEJEDA",LAS PALMAS,1514,-15.598888899999995,28.006944399999995,Gran Canaria
C614H,60038,TEJEDA,LAS PALMAS,1060,-15.615833299999997,27.994999999999997,Gran Canaria
C619I,60027,LA ALDEA DE SAN NICOLÁS,LAS PALMAS,10,-15.8138889,28.0008333,Gran Canaria
C619X,,AGAETE,LAS PALMAS,5,-15.712777800000001,28.101111099999997,Gran Canaria
C619Y,60027,LA ALDEA DE SAN NICOLÁS,LAS PALMAS,13,-15.8075,28.001111100000003,Gran Canaria
C623I,,"SAN BARTOLOME TIRAJANA, CUEVAS DEL PINAR",LAS PALMAS,1220,-15.599722199999997,27.9266667,Gran Canaria
C625O,,"SAN BARTOLOME TIRAJANA, LOMO PEDRO ALFONSO",LAS PALMAS,806,-15.645,27.8569444,Gran Canaria
C628B,,"LA ALDEA DE SAN NICOLÁS, TASARTE",LAS PALMAS,318,-15.77,27.908888899999997,Gran Canaria
C629Q,,"MOGÁN, PUERTO RICO",LAS PALMAS,10,-15.7111111,27.779999999999998,Gran Canaria
C629X,60036,"MOGÁN, PUERTO",LAS PALMAS,10,-15.764166700000004,27.816388900000003,Gran Canaria
C635B,,"SAN BARTOLOME TIRAJANA, LAS TIRAJANAS",LAS PALMAS,960,-15.5741667,27.919999999999998,Gran Canaria
C639M,,"MASPALOMAS, C. INSULAR TURISMO",LAS PALMAS,45,-15.575555600000001,27.7580556,Gran Canaria
C639U,,"SAN BARTOLOME TIRAJANA, EL MATORRAL",LAS PALMAS,41,-15.453055599999999,27.8125,Gran Canaria
C648C,,AGÜIMES,LAS PALMAS,306,-15.4538889,27.9025,Gran Canaria
C648N,,"TELDE, CENTRO FORESTAL DORAMAS",LAS PALMAS,344,-15.457777800000002,27.9875,Gran Canaria
C649I,60030,GRAN CANARIA AEROPUERTO,LAS PALMAS,24,-15.395277799999999,27.917777799999996,Gran Canaria
C649R,,"TELDE, MELENARA",LAS PALMAS,9,-15.3777778,27.986666699999997,Gran Canaria
C656V,,TEROR,LAS PALMAS,683,-15.5472222,28.0752778,Gran Canaria
C658L,,LAS PALMAS DE G.C. (TAFIRA CMT),LAS PALMAS,269,-15.450833300000001,28.075,Gran Canaria
C658X,,"LAS PALMAS DE GRAN CANARIA, TAFIRA",LAS PALMAS,269,-15.453333299999995,28.0780556,Gran Canaria
C659H,60029,"LAS PALMAS DE GRAN CANARIA, SAN CRISTOBAL",LAS PALMAS,55,-15.4161111,28.0897222,Gran Canaria
C659M,60032,"LAS PALMAS DE GRAN CANARIA, PL. DE LA FERIA",LAS PALMAS,15,-15.421388900000002,28.113055599999996,Gran Canaria
C665T,,VALLESECO,LAS PALMAS,900,-15.565555599999998,28.0655556,Gran Canaria
C668V,,AGAETE - SUERTE ALTA,LAS PALMAS,352,-15.674999999999999,28.0944444,Gran Canaria
C669B,,ARUCAS,LAS PALMAS,86,-15.506666699999997,28.141666700000002,Gran Canaria
C689E,60037,MASPALOMAS,LAS PALMAS,6,-15.595833299999999,27.7358333,Gran Canaria
C839I,,TEGUISE,LAS PALMAS,10,-13.5019444,29.2319444,Lanzarote
C839X,60045,LA GRACIOSA,LAS PALMAS,19,-13.510277799999999,29.229722199999998,La Graciosa
C916Q,,"EL PINAR, DEPÓSITO",STA. CRUZ DE TENERIFE,948,-17.978055599999998,27.7188889,El Hierro
C917E,,"EL PINAR, LA DEHESA",STA. CRUZ DE TENERIFE,713,-18.115,27.725277799999997,El Hierro
C919K,,TACORON-LAPILLAS-TORTUGA,STA. CRUZ DE TENERIFE,98,-18.018611099999998,27.6652778,El Hierro
C925F,,"SAN ANDRÉS, VALVERDE",STA. CRUZ DE TENERIFE,1070,-17.960277800000004,27.7688889,El Hierro
C928I,,VALVERDE,STA. CRUZ DE TENERIFE,670,-17.9194444,27.8108333,El Hierro
C929I,60001,HIERRO AEROPUERTO,SANTA CRUZ DE TENERIFE,32,-17.888888899999998,27.818888899999997,El Hierro
C939T,,"FRONTERA, SABINOSA",STA. CRUZ DE TENERIFE,20,-18.107499999999998,27.756388899999997,El Hierro
