island,year,n_stations,weight,tmed_annual,tmin_annual,tmax_annual,prec_annual,tropical_nights_annual,equatorial_nights_annual,torrid_nights_annual,warm_days_30,warm_days_35
El Hierro,2015,5,1805,18.40398891966759,14.998559556786704,21.81174515235457,245.41383508577755,74.1,3.6,0,20.6,1
El Hierro,2016,5,1792,18.311607142857145,14.857979910714286,21.76489955357143,282.05333333333334,65.9,3,0,20.6,3.8
El Hierro,2017,5,1746,18.86197021764032,15.374914089347078,22.351088201603666,204.59118683901292,82.3,4.1,0,28.7,4.7
El Hierro,2018,5,1825,17.622191780821918,14.30882191780822,20.935561643835616,320.39442896935935,49.6,1.2,0,10.2,0.6
El Hierro,2019,5,1717,18.32516016307513,14.85259172976121,21.800698893418755,170.7169844020797,64.6,1.9,0,13.5,2.4
El Hierro,2020,5,1428,19.68732492997199,16.345238095238095,23.032072829131653,248.6108680310515,92.8,5.4,0.4,25.7,5.2
El Hierro,2021,5,1807,18.306308799114554,14.91317100166021,21.69717764250138,227.4753045404208,68.3,3.4,0.4,23.1,5
El Hierro,2022,5,1814,18.55821389195149,15.190573318632856,21.92894156560088,487.46,75,4.6,0.2,18.6,3.6
El Hierro,2023,5,1734,19.55080738177624,16.03881533858215,23.065974625144175,250.85742857142858,101.4,8.5,1.2,32.7,8.8
El Hierro,2024,5,1656,18.77542270531401,15.331415155354927,22.219088437557325,146.79783577339273,63.4,1.3,0,19.8,1
El Hierro,2025,5,1805,18.205595567867036,14.96992479034645,21.468575114787686,351.34,74,3.4,0,21.2,3.4
Fuerteventura,2015,5,1643,20.762203286670726,17.286122945830797,24.24260499087036,52.29301470588235,83,2.5,0,24.8,3.9
Fuerteventura,2016,5,1806,20.70016611295681,17.187707641196013,24.213565891472868,106.68202866593165,75.9,0.6,0,23,2.2
Fuerteventura,2017,5,1714,21.56948658109685,17.92117852975496,25.218961493582267,59.81160092807424,109.2,4.4,0,40.9,5.4
Fuerteventura,2018,5,1765,20.273201133144475,16.816895937473024,23.72640226628895,95.35656851642129,68.5,0,0,15.5,0.4
Fuerteventura,2019,5,1792,20.693470982142856,17.123214285714287,24.265593946772924,48.8605540166205,76.2,1.2,0,19.1,1.2
Fuerteventura,2020,5,1810,21.263204419889504,17.710331491712704,24.81817679558011,36.18587196467991,100.7,3.6,0,30.4,3.2
Fuerteventura,2021,5,1793,20.702844394868933,17.254601226993866,24.1494701617401,19.473826615129763,77.9,2,0,19.4,3
Fuerteventura,2022,5,1810,21.302651933701657,17.793259668508288,24.809060773480663,117.5273178807947,102.6,1.8,0,22.1,4.2
Fuerteventura,2023,5,1783,21.946102075154236,18.31822770611329,25.574817722938867,62.91546107123136,118.6,6.9,0.2,43.8,7.5
Fuerteventura,2024,5,1815,21.55581267217631,18.08451790633609,25.02473829201102,38.68526027397261,96.4,0.8,0,18.8,1.4
Fuerteventura,2025,5,1803,21.044093178036604,17.61192457016084,24.476927343316696,100.81741541874652,96.9,3.4,0,23,5.2
Gran Canaria,2015,5,1662,19.65938628158845,16.296028880866427,23.021660649819495,188.0468263473054,88.7,1.2,0,12.4,0.6
Gran Canaria,2016,5,1738,19.659666283084004,16.227905638665135,23.088032220943614,161.50849598163035,89.9,0.8,0,12.4,1
Gran Canaria,2017,5,1754,20.14190421892816,16.666020524515393,23.618643101482327,131.92391799544419,112.5,0.2,0,19.2,1.4
Gran Canaria,2018,5,1801,19.177345918933927,15.85752359800111,22.495780122154354,298.30193905817174,78,0,0,5.6,0
Gran Canaria,2019,5,1680,19.67886904761905,16.18517857142857,23.174107142857142,127.52462995855537,85.8,0,0,6.5,0
Gran Canaria,2020,4,1396,19.86310888252149,16.307664756446993,23.416547277936964,163.49881201956674,102.2,1,0,20.1,1.6
Gran Canaria,2021,4,1418,19.42447108603667,15.909379407616361,22.93730606488011,168.85910676901602,90.5,1,0,14.6,1.5
Gran Canaria,2022,4,1452,19.838705234159782,16.33154269972452,23.347933884297518,337.3419198895028,113.8,0.2,0,17,1
Gran Canaria,2023,4,1408,20.32450284090909,16.539701704545454,24.112571022727273,176.4713581984518,113.3,6.4,0,35.1,2.8
Gran Canaria,2024,4,1448,20.46132596685083,16.780455801104974,24.142127071823207,116.660400829302,115.5,0,0,18.1,1
Gran Canaria,2025,4,1363,19.81283932501834,16.249816581071165,23.379970652971387,310.6173184357542,105.4,2.3,0,17.3,2
La Gomera,2015,5,1730,18.834161849710984,15.485606936416184,22.180751445086706,232.77122260668972,63.5,1.9,0,18,2.1
La Gomera,2016,5,1823,18.558804168952275,15.157871640153592,21.960175534832693,230.92167515563102,55.5,0.4,0,16.6,3.4
La Gomera,2017,5,1804,19.38159645232816,15.901552106430156,22.85973149469975,129.72208724461623,79.8,3,0,27.2,2.8
La Gomera,2018,5,1803,18.06389351081531,14.775374376039933,21.35146977260122,254.83316180674672,43.7,0,0,8,0
La Gomera,2019,5,1822,18.55675082327113,15.092919868276619,22.020362239297473,206.4146005509642,49.9,0.4,0,9.8,1.2
La Gomera,2020,5,1690,19.668579881656804,15.976390532544379,23.361775147928995,219.379061784897,74.7,2.6,0,27.8,4.5
La Gomera,2021,5,1823,19.013219967087217,15.348765770707624,22.678771256171146,191.9976308539945,64.1,2,0,23.4,4.4
La Gomera,2022,5,1820,19.310824175824173,15.711978021978021,22.907967032967033,355.80164835164834,70,0.2,0,19.8,3.6
La Gomera,2023,5,1784,20.385650224215247,16.504857323691404,24.280540573745313,184.1924874791319,98.4,9.7,0,47.5,9.9
La Gomera,2024,4,1439,19.245795691452397,15.29874913134121,23.19374565670605,171.29603340292275,39,0.9,0,20.1,2.7
La Gomera,2025,5,1819,19.14689389774601,15.574931280923584,22.719186366135236,288.9511269928532,73.1,3,0,24.4,4.6
La Graciosa,2015,1,303,20.914851485148514,17.706930693069307,24.12013201320132,83.8,85,0,0,9,0
La Graciosa,2016,1,366,20.850273224043715,17.78087431693989,23.9172131147541,115.2,93,0,0,3,0
La Graciosa,2017,1,347,21.41757925072046,18.18904899135447,24.649279538904896,50.8,118,1,0,13,2
La Graciosa,2018,1,351,20.485470085470087,17.543589743589745,23.42222222222222,135.2,91,0,0,1,0
La Graciosa,2019,1,365,20.845479452054793,17.745479452054795,23.944657534246577,43.6,95,0,0,2,0
La Graciosa,2020,1,366,21.324043715846994,18.127322404371586,24.51584699453552,67.4,119,0,0,6,0
La Graciosa,2021,1,350,20.81085714285714,17.789142857142856,23.833142857142857,64.2,87,0,0,2,0
La Graciosa,2022,1,327,21.21896024464832,18.186850152905198,24.251376146788992,128,96,0,0,9,0
La Graciosa,2023,1,303,22.22970297029703,19.004620462046205,25.455775577557755,23.6,142,1,0,16,7
La Graciosa,2024,1,363,21.753168044077135,18.628650137741047,24.87548209366391,27.2,110,0,0,9,0
La Graciosa,2025,1,359,21.22924791086351,18.30891364902507,24.147353760445682,127.39999999999999,115,0,0,6,2
La Palma,2015,4,1453,19.560564349621473,16.569167240192705,22.5532002752925,393.9261823166552,77.9,1,0,5.8,1.5
La Palma,2016,5,1795,18.910027855153203,15.611264008550885,22.211189536151142,321.8328151986183,64.2,2.6,0,14,3.2
La Palma,2017,5,1765,19.37699716713881,16.08226628895184,22.66889990557129,265.6573219373219,73.4,2.3,0,15.7,2.3
La Palma,2018,5,1822,18.29379802414929,15.079747530186607,21.504334685040206,437.04,49.7,0.4,0,6.4,0.6
La Palma,2019,5,1769,18.948162803843978,15.573146802834865,22.323120407009608,218.5431715575621,59.3,1.4,0,9,2.5
La Palma,2020,5,1829,19.622689994532532,16.217003827227995,23.031437944231822,310.1078184800437,76.2,4,0.2,18.2,3.2
La Palma,2021,5,1821,18.978912685337725,15.743053267435474,22.215815485996703,343.44043141592925,65.8,3.6,0.2,14.2,3.4
La Palma,2022,5,1821,19.23031301482702,15.80966501922021,22.648709500274578,542.46,68.2,2.6,0,12.6,3.6
La Palma,2023,5,1825,20.244712328767122,16.67095890410959,23.816657534246577,401.06,92.4,4.2,0.6,29,4.2
La Palma,2024,5,1829,19.781574630945872,16.263696008747953,23.300820120284307,303.12,68.6,1.2,0,14,1.4
La Palma,2025,5,1795,19.060389972144847,15.687983086289247,22.42998539438631,468.7309749303621,68.6,1.6,0,15.1,3.7
Lanzarote,2015,5,1723,19.923621590249567,16.626813697040046,23.219733023795705,99.86830122591944,59.3,0.2,0,23.2,3.5
Lanzarote,2016,5,1815,19.64457300275482,16.43129476584022,22.856473829201104,149.12893289328935,47.7,0.2,0,16,2
Lanzarote,2017,5,1813,20.204357418643134,16.784886927744072,23.621070049641478,51.739669421487605,60.6,2,0,25.6,4.2
Lanzarote,2018,5,1819,19.073666849917537,15.996866410115448,22.14997251236943,130.72388797364084,40.2,0,0,7.2,0.4
Lanzarote,2019,5,1806,19.59313399778516,16.274473975636766,22.914784053156147,51.24305478693968,41.8,0,0,10.9,0.8
Lanzarote,2020,5,1821,20.284678747940692,16.79357495881384,23.77589236683141,72.4693698630137,61.2,0.6,0,21.4,2
Lanzarote,2021,5,1805,19.699556786703603,16.28487534626039,23.110249307479226,100.0600996126176,41.2,0.8,0,16.3,3
Lanzarote,2022,5,1811,20.377636664826063,16.976642738818335,23.77907233572612,134.05124515772,58.1,0.4,0,20.4,2.2
Lanzarote,2023,5,1819,21.010225398570643,17.408466190214405,24.61110500274876,67.36651860077735,88.8,2.4,0,40.8,5.8
Lanzarote,2024,5,1819,20.627982407916438,17.31605277625069,23.93815283122595,59.07558968732858,57.2,0.2,0,14.8,0.4
Lanzarote,2025,5,1820,20.128021978021977,16.809505494505494,23.44923076923077,137.41502476609796,63.5,1.6,0,19,5.2
Tenerife,2015,5,1814,17.360694597574422,14.009812568908488,20.708599779492836,407.31997786386273,33.4,0.4,0,8,0
Tenerife,2016,5,1784,17.24915919282511,13.98054932735426,20.521132286995513,333.56951151038743,15.2,0,0,5,0.8
Tenerife,2017,5,1793,17.8771332961517,14.56207473508087,21.192526491912997,191.52925472747495,28.3,0.2,0,12.2,0.8
Tenerife,2018,5,1806,16.732834994462902,13.57259676041175,19.891915836101884,380.2728242560359,14.3,0,0,2.6,0
Tenerife,2019,5,1797,17.346188091263215,14.057095158597663,20.631942125765164,266.9024013722127,14.8,0,0,3.2,0
Tenerife,2020,5,1821,17.93141131246568,14.555793520043931,21.30521691378364,263.45233644859815,29.5,0.4,0,10.4,0.6
Tenerife,2021,5,1819,17.442715777899945,14.149477735019243,20.737713029136888,248.04581497797355,19.8,0,0,6.6,0.6
Tenerife,2022,5,1824,17.80043859649123,14.54325657894737,21.05641447368421,402.6050521691378,25.8,0.2,0,7,0
Tenerife,2023,5,1822,18.593029637760704,15.140175631174534,22.04676180021954,269.83768513439384,55.8,3.6,0,23.4,3.4
Tenerife,2024,5,1821,18.454530477759473,15.103020318506314,21.803789126853374,180.54770844837108,27.9,0.4,0,8.8,0.4
Tenerife,2025,5,1820,17.68445054945055,14.526494414676232,20.84345593800139,345.22824889867843,33.9,1.2,0,8.6,0.6
