station_id,island,year,station_name,expected_days,n_rows,n_temp,n_prec,pct_temp,pct_prec,n_flags,use_for_annual
C018J,Lanzarote,2015,TÍAS,365,365,358,360,0.9808219178082191,0.9863013698630136,0,TRUE
C018J,Lanzarote,2016,TÍAS,366,366,365,365,0.9972677595628415,0.9972677595628415,0,TRUE
C018J,Lanzarote,2017,TÍAS,365,364,362,364,0.9917808219178083,0.9972602739726028,0,TRUE
C018J,Lanzarote,2018,TÍAS,365,363,363,362,0.9945205479452055,0.9917808219178083,0,TRUE
C018J,Lanzarote,2019,TÍAS,365,362,361,362,0.989041095890411,0.9917808219178083,0,TRUE
C018J,Lanzarote,2020,TÍAS,366,366,365,365,0.9972677595628415,0.9972677595628415,0,TRUE
C018J,Lanzarote,2021,TÍAS,365,365,364,364,0.9972602739726028,0.9972602739726028,0,TRUE
C018J,Lanzarote,2022,TÍAS,365,365,365,365,1,1,0,TRUE
C018J,Lanzarote,2023,TÍAS,365,364,363,344,0.9945205479452055,0.9424657534246575,0,TRUE
C018J,Lanzarote,2024,TÍAS,366,366,364,364,0.994535519125683,0.994535519125683,0,TRUE
C018J,Lanzarote,2025,TÍAS,365,365,362,363,0.9917808219178083,0.9945205479452055,0,TRUE
C019V,Lanzarote,2015,YAIZA PLAYA BLANCA,365,363,313,304,0.8575342465753425,0.8328767123287671,0,TRUE
C019V,Lanzarote,2016,YAIZA PLAYA BLANCA,366,366,365,365,0.9972677595628415,0.9972677595628415,0,TRUE
C019V,Lanzarote,2017,YAIZA PLAYA BLANCA,365,365,364,362,0.9972602739726028,0.9917808219178083,0,TRUE
C019V,Lanzarote,2018,YAIZA PLAYA BLANCA,365,365,365,365,1,1,0,TRUE
C019V,Lanzarote,2019,YAIZA PLAYA BLANCA,365,362,362,362,0.9917808219178083,0.9917808219178083,0,TRUE
C019V,Lanzarote,2020,YAIZA PLAYA BLANCA,366,366,366,366,1,1,0,TRUE
C019V,Lanzarote,2021,YAIZA PLAYA BLANCA,365,355,351,351,0.9616438356164384,0.9616438356164384,0,TRUE
C019V,Lanzarote,2022,YAIZA PLAYA BLANCA,365,365,365,361,1,0.989041095890411,0,TRUE
C019V,Lanzarote,2023,YAIZA PLAYA BLANCA,365,365,364,364,0.9972602739726028,0.9972602739726028,0,TRUE
C019V,Lanzarote,2024,YAIZA PLAYA BLANCA,366,366,366,366,1,1,0,TRUE
C019V,Lanzarote,2025,YAIZA PLAYA BLANCA,365,365,365,364,1,0.9972602739726028,0,TRUE
C029O,Lanzarote,2015,LANZAROTE AEROPUERTO,365,365,365,365,1,1,0,TRUE
C029O,Lanzarote,2016,LANZAROTE AEROPUERTO,366,366,362,366,0.9890710382513661,1,0,TRUE
C029O,Lanzarote,2017,LANZAROTE AEROPUERTO,365,365,365,365,1,1,0,TRUE
C029O,Lanzarote,2018,LANZAROTE AEROPUERTO,365,365,363,365,0.9945205479452055,1,0,TRUE
C029O,Lanzarote,2019,LANZAROTE AEROPUERTO,365,365,364,365,0.9972602739726028,1,0,TRUE
C029O,Lanzarote,2020,LANZAROTE AEROPUERTO,366,366,362,366,0.9890710382513661,1,0,TRUE
C029O,Lanzarote,2021,LANZAROTE AEROPUERTO,365,365,363,365,0.9945205479452055,1,0,TRUE
C029O,Lanzarote,2022,LANZAROTE AEROPUERTO,365,365,361,365,0.989041095890411,1,0,TRUE
C029O,Lanzarote,2023,LANZAROTE AEROPUERTO,365,365,364,365,0.9972602739726028,1,0,TRUE
C029O,Lanzarote,2024,LANZAROTE AEROPUERTO,366,366,366,366,1,1,0,TRUE
C029O,Lanzarote,2025,LANZAROTE AEROPUERTO,365,365,365,365,1,1,0,TRUE
C038N,Lanzarote,2015,HARÍA,365,365,357,353,0.9780821917808219,0.9671232876712329,0,TRUE
C038N,Lanzarote,2016,HARÍA,366,363,363,363,0.9918032786885246,0.9918032786885246,0,TRUE
C038N,Lanzarote,2017,HARÍA,365,363,358,361,0.9808219178082191,0.989041095890411,0,TRUE
C038N,Lanzarote,2018,HARÍA,365,365,364,364,0.9972602739726028,0.9972602739726028,0,TRUE
C038N,Lanzarote,2019,HARÍA,365,365,363,363,0.9945205479452055,0.9945205479452055,0,TRUE
C038N,Lanzarote,2020,HARÍA,366,366,364,364,0.994535519125683,0.994535519125683,0,TRUE
C038N,Lanzarote,2021,HARÍA,365,365,364,364,0.9972602739726028,0.9972602739726028,0,TRUE
C038N,Lanzarote,2022,HARÍA,365,365,363,363,0.9945205479452055,0.9945205479452055,0,TRUE
C038N,Lanzarote,2023,HARÍA,365,365,364,364,0.9972602739726028,0.9972602739726028,0,TRUE
C038N,Lanzarote,2024,HARÍA,366,365,360,364,0.9836065573770492,0.994535519125683,0,TRUE
C038N,Lanzarote,2025,HARÍA,365,365,364,363,0.9972602739726028,0.9945205479452055,0,TRUE
C048W,Lanzarote,2015,TINAJO,365,350,330,331,0.9041095890410958,0.9068493150684932,0,TRUE
C048W,Lanzarote,2016,TINAJO,366,363,360,359,0.9836065573770492,0.9808743169398907,0,TRUE
C048W,Lanzarote,2017,TINAJO,365,364,364,363,0.9972602739726028,0.9945205479452055,0,TRUE
C048W,Lanzarote,2018,TINAJO,365,365,364,365,0.9972602739726028,1,0,TRUE
C048W,Lanzarote,2019,TINAJO,365,364,356,355,0.9753424657534246,0.9726027397260274,0,TRUE
C048W,Lanzarote,2020,TINAJO,366,365,364,364,0.994535519125683,0.994535519125683,0,TRUE
C048W,Lanzarote,2021,TINAJO,365,363,363,363,0.9945205479452055,0.9945205479452055,0,TRUE
C048W,Lanzarote,2022,TINAJO,365,357,357,353,0.9780821917808219,0.9671232876712329,0,TRUE
C048W,Lanzarote,2023,TINAJO,365,365,364,364,0.9972602739726028,0.9972602739726028,0,TRUE
C048W,Lanzarote,2024,TINAJO,366,364,363,363,0.9918032786885246,0.9918032786885246,0,TRUE
C048W,Lanzarote,2025,TINAJO,365,365,364,362,0.9972602739726028,0.9917808219178083,0,TRUE
C117A,La Palma,2015,PUNTAGORDA,365,365,364,365,0.9972602739726028,1,0,TRUE
C117A,La Palma,2016,PUNTAGORDA,366,366,365,366,0.9972677595628415,1,0,TRUE
C117A,La Palma,2017,PUNTAGORDA,365,365,363,365,0.9945205479452055,1,0,TRUE
C117A,La Palma,2018,PUNTAGORDA,365,365,365,365,1,1,0,TRUE
C117A,La Palma,2019,PUNTAGORDA,365,364,363,363,0.9945205479452055,0.9945205479452055,0,TRUE
C117A,La Palma,2020,PUNTAGORDA,366,366,366,366,1,1,0,TRUE
C117A,La Palma,2021,PUNTAGORDA,365,365,365,365,1,1,0,TRUE
C117A,La Palma,2022,PUNTAGORDA,365,365,364,365,0.9972602739726028,1,0,TRUE
C117A,La Palma,2023,PUNTAGORDA,365,365,365,365,1,1,0,TRUE
C117A,La Palma,2024,PUNTAGORDA,366,366,366,366,1,1,0,TRUE
C117A,La Palma,2025,PUNTAGORDA,365,362,361,361,0.989041095890411,0.989041095890411,0,TRUE
C126A,La Palma,2015,EL PASO,365,365,233,363,0.6383561643835617,0.9945205479452055,0,FALSE
C126A,La Palma,2016,EL PASO,366,366,364,366,0.994535519125683,1,0,TRUE
C126A,La Palma,2017,EL PASO,365,365,364,364,0.9972602739726028,0.9972602739726028,0,TRUE
C126A,La Palma,2018,EL PASO,365,365,365,365,1,1,0,TRUE
C126A,La Palma,2019,EL PASO,365,365,365,365,1,1,0,TRUE
C126A,La Palma,2020,EL PASO,366,366,366,365,1,0.9972677595628415,0,TRUE
C126A,La Palma,2021,EL PASO,365,365,365,365,1,1,0,TRUE
C126A,La Palma,2022,EL PASO,365,365,364,365,0.9972602739726028,1,0,TRUE
C126A,La Palma,2023,EL PASO,365,365,365,365,1,1,0,TRUE
C126A,La Palma,2024,EL PASO,366,366,366,366,1,1,0,TRUE
C126A,La Palma,2025,EL PASO,365,344,344,344,0.9424657534246575,0.9424657534246575,0,TRUE
C129V,La Palma,2015,FUENCALIENTE,365,365,361,364,0.989041095890411,0.9972602739726028,0,TRUE
C129V,La Palma,2016,FUENCALIENTE,366,366,357,366,0.9754098360655737,1,0,TRUE
C129V,La Palma,2017,FUENCALIENTE,365,365,351,341,0.9616438356164384,0.9342465753424658,0,TRUE
C129V,La Palma,2018,FUENCALIENTE,365,365,365,365,1,1,0,TRUE
C129V,La Palma,2019,FUENCALIENTE,365,365,364,365,0.9972602739726028,1,0,TRUE
C129V,La Palma,2020,FUENCALIENTE,366,366,366,366,1,1,0,TRUE
C129V,La Palma,2021,FUENCALIENTE,365,365,362,365,0.9917808219178083,1,0,TRUE
C129V,La Palma,2022,FUENCALIENTE,365,365,363,365,0.9945205479452055,1,0,TRUE
C129V,La Palma,2023,FUENCALIENTE,365,365,365,365,1,1,0,TRUE
C129V,La Palma,2024,FUENCALIENTE,366,366,366,366,1,1,0,TRUE
C129V,La Palma,2025,FUENCALIENTE,365,362,360,360,0.9863013698630136,0.9863013698630136,0,TRUE
C139E,La Palma,2015,LA PALMA AEROPUERTO,365,365,364,365,0.9972602739726028,1,0,TRUE
C139E,La Palma,2016,LA PALMA AEROPUERTO,366,366,343,366,0.9371584699453552,1,0,TRUE
C139E,La Palma,2017,LA PALMA AEROPUERTO,365,365,323,365,0.8849315068493151,1,0,TRUE
C139E,La Palma,2018,LA PALMA AEROPUERTO,365,365,362,365,0.9917808219178083,1,0,TRUE
C139E,La Palma,2019,LA PALMA AEROPUERTO,365,365,362,365,0.9917808219178083,1,0,TRUE
C139E,La Palma,2020,LA PALMA AEROPUERTO,366,366,365,366,0.9972677595628415,1,0,TRUE
C139E,La Palma,2021,LA PALMA AEROPUERTO,365,365,364,365,0.9972602739726028,1,0,TRUE
C139E,La Palma,2022,LA PALMA AEROPUERTO,365,365,365,365,1,1,0,TRUE
C139E,La Palma,2023,LA PALMA AEROPUERTO,365,365,365,365,1,1,0,TRUE
C139E,La Palma,2024,LA PALMA AEROPUERTO,366,366,365,366,0.9972677595628415,1,0,TRUE
C139E,La Palma,2025,LA PALMA AEROPUERTO,365,365,365,365,1,1,0,TRUE
C148F,La Palma,2015,SAN ANDRÉS Y SAUCES,365,365,364,365,0.9972602739726028,1,0,TRUE
C148F,La Palma,2016,SAN ANDRÉS Y SAUCES,366,366,366,273,1,0.7459016393442623,0,TRUE
C148F,La Palma,2017,SAN ANDRÉS Y SAUCES,365,365,364,320,0.9972602739726028,0.8767123287671232,0,TRUE
C148F,La Palma,2018,SAN ANDRÉS Y SAUCES,365,365,365,365,1,1,0,TRUE
C148F,La Palma,2019,SAN ANDRÉS Y SAUCES,365,315,315,314,0.863013698630137,0.8602739726027397,0,TRUE
C148F,La Palma,2020,SAN ANDRÉS Y SAUCES,366,366,366,366,1,1,0,TRUE
C148F,La Palma,2021,SAN ANDRÉS Y SAUCES,365,365,365,348,1,0.9534246575342465,0,TRUE
C148F,La Palma,2022,SAN ANDRÉS Y SAUCES,365,365,365,365,1,1,0,TRUE
C148F,La Palma,2023,SAN ANDRÉS Y SAUCES,365,365,365,365,1,1,0,TRUE
C148F,La Palma,2024,SAN ANDRÉS Y SAUCES,366,366,366,366,1,1,0,TRUE
C148F,La Palma,2025,SAN ANDRÉS Y SAUCES,365,365,365,365,1,1,0,TRUE
C229J,Fuerteventura,2015,PÁJARA,365,324,312,308,0.8547945205479452,0.8438356164383561,0,TRUE
C229J,Fuerteventura,2016,PÁJARA,366,366,358,365,0.9781420765027322,0.9972677595628415,0,TRUE
C229J,Fuerteventura,2017,PÁJARA,365,339,330,334,0.9041095890410958,0.915068493150685,0,TRUE
C229J,Fuerteventura,2018,PÁJARA,365,339,330,336,0.9041095890410958,0.9205479452054794,0,TRUE
C229J,Fuerteventura,2019,PÁJARA,365,365,355,363,0.9726027397260274,0.9945205479452055,0,TRUE
C229J,Fuerteventura,2020,PÁJARA,366,366,364,364,0.994535519125683,0.994535519125683,0,TRUE
C229J,Fuerteventura,2021,PÁJARA,365,364,349,355,0.9561643835616438,0.9726027397260274,0,TRUE
C229J,Fuerteventura,2022,PÁJARA,365,363,353,356,0.9671232876712329,0.9753424657534246,0,TRUE
C229J,Fuerteventura,2023,PÁJARA,365,356,332,352,0.9095890410958904,0.9643835616438357,0,TRUE
C229J,Fuerteventura,2024,PÁJARA,366,366,355,362,0.9699453551912568,0.9890710382513661,0,TRUE
C229J,Fuerteventura,2025,PÁJARA,365,356,348,350,0.9534246575342465,0.958904109589041,0,TRUE
C239N,Fuerteventura,2015,"TUINEJE,PUERTO GRAN TARAJAL",365,336,313,314,0.8575342465753425,0.8602739726027397,0,TRUE
C239N,Fuerteventura,2016,"TUINEJE,PUERTO GRAN TARAJAL",366,364,361,361,0.9863387978142076,0.9863387978142076,0,TRUE
C239N,Fuerteventura,2017,"TUINEJE,PUERTO GRAN TARAJAL",365,365,364,364,0.9972602739726028,0.9972602739726028,0,TRUE
C239N,Fuerteventura,2018,"TUINEJE,PUERTO GRAN TARAJAL",365,364,363,347,0.9945205479452055,0.9506849315068493,0,TRUE
C239N,Fuerteventura,2019,"TUINEJE,PUERTO GRAN TARAJAL",365,364,363,363,0.9945205479452055,0.9945205479452055,0,TRUE
C239N,Fuerteventura,2020,"TUINEJE,PUERTO GRAN TARAJAL",366,366,366,366,1,1,0,TRUE
C239N,Fuerteventura,2021,"TUINEJE,PUERTO GRAN TARAJAL",365,365,364,363,0.9972602739726028,0.9945205479452055,0,TRUE
C239N,Fuerteventura,2022,"TUINEJE,PUERTO GRAN TARAJAL",365,365,365,364,1,0.9972602739726028,0,TRUE
C239N,Fuerteventura,2023,"TUINEJE,PUERTO GRAN TARAJAL",365,365,365,365,1,1,0,TRUE
C239N,Fuerteventura,2024,"TUINEJE,PUERTO GRAN TARAJAL",366,366,366,366,1,1,0,TRUE
C239N,Fuerteventura,2025,"TUINEJE,PUERTO GRAN TARAJAL",365,365,364,363,0.9972602739726028,0.9945205479452055,0,TRUE
C248E,Fuerteventura,2015,ANTIGUA,365,324,312,306,0.8547945205479452,0.8383561643835616,0,TRUE
C248E,Fuerteventura,2016,ANTIGUA,366,364,357,356,0.9754098360655737,0.9726775956284153,0,TRUE
C248E,Fuerteventura,2017,ANTIGUA,365,357,295,296,0.8082191780821918,0.810958904109589,0,TRUE
C248E,Fuerteventura,2018,ANTIGUA,365,365,348,353,0.9534246575342465,0.9671232876712329,0,TRUE
C248E,Fuerteventura,2019,ANTIGUA,365,356,351,352,0.9616438356164384,0.9643835616438357,0,TRUE
C248E,Fuerteventura,2020,ANTIGUA,366,358,349,350,0.953551912568306,0.9562841530054644,0,TRUE
C248E,Fuerteventura,2021,ANTIGUA,365,365,357,364,0.9780821917808219,0.9972602739726028,0,TRUE
C248E,Fuerteventura,2022,ANTIGUA,365,364,363,363,0.9945205479452055,0.9945205479452055,0,TRUE
C248E,Fuerteventura,2023,ANTIGUA,365,365,364,365,0.9972602739726028,1,0,TRUE
C248E,Fuerteventura,2024,ANTIGUA,366,366,365,365,0.9972677595628415,0.9972677595628415,0,TRUE
C248E,Fuerteventura,2025,ANTIGUA,365,365,361,362,0.989041095890411,0.9917808219178083,0,TRUE
C249I,Fuerteventura,2015,FUERTEVENTURA AEROPUERTO,365,365,362,365,0.9917808219178083,1,0,TRUE
C249I,Fuerteventura,2016,FUERTEVENTURA AEROPUERTO,366,366,364,366,0.994535519125683,1,0,TRUE
C249I,Fuerteventura,2017,FUERTEVENTURA AEROPUERTO,365,365,361,365,0.989041095890411,1,0,TRUE
C249I,Fuerteventura,2018,FUERTEVENTURA AEROPUERTO,365,365,360,365,0.9863013698630136,1,0,TRUE
C249I,Fuerteventura,2019,FUERTEVENTURA AEROPUERTO,365,365,362,365,0.9917808219178083,1,0,TRUE
C249I,Fuerteventura,2020,FUERTEVENTURA AEROPUERTO,366,366,365,366,0.9972677595628415,1,0,TRUE
C249I,Fuerteventura,2021,FUERTEVENTURA AEROPUERTO,365,365,360,365,0.9863013698630136,1,0,TRUE
C249I,Fuerteventura,2022,FUERTEVENTURA AEROPUERTO,365,365,365,365,1,1,0,TRUE
C249I,Fuerteventura,2023,FUERTEVENTURA AEROPUERTO,365,365,358,365,0.9808219178082191,1,0,TRUE
C249I,Fuerteventura,2024,FUERTEVENTURA AEROPUERTO,366,366,363,366,0.9918032786885246,1,0,TRUE
C249I,Fuerteventura,2025,FUERTEVENTURA AEROPUERTO,365,365,365,365,1,1,0,TRUE
C258K,Fuerteventura,2015,LA OLIVA,365,359,344,339,0.9424657534246575,0.9287671232876712,0,TRUE
C258K,Fuerteventura,2016,LA OLIVA,366,366,366,366,1,1,0,TRUE
C258K,Fuerteventura,2017,LA OLIVA,365,365,364,365,0.9972602739726028,1,0,TRUE
C258K,Fuerteventura,2018,LA OLIVA,365,365,364,365,0.9972602739726028,1,0,TRUE
C258K,Fuerteventura,2019,LA OLIVA,365,363,361,362,0.989041095890411,0.9917808219178083,0,TRUE
C258K,Fuerteventura,2020,LA OLIVA,366,366,366,366,1,1,0,TRUE
C258K,Fuerteventura,2021,LA OLIVA,365,365,363,364,0.9945205479452055,0.9972602739726028,0,TRUE
C258K,Fuerteventura,2022,LA OLIVA,365,365,364,364,0.9972602739726028,0.9972602739726028,0,TRUE
C258K,Fuerteventura,2023,LA OLIVA,365,365,364,364,0.9972602739726028,0.9972602739726028,0,TRUE
C258K,Fuerteventura,2024,LA OLIVA,366,366,366,366,1,1,0,TRUE
C258K,Fuerteventura,2025,LA OLIVA,365,365,365,363,1,0.9945205479452055,0,TRUE
C314Z,La Gomera,2015,"VALLEHERMOSO, ALTO IGUALERO",365,298,296,297,0.810958904109589,0.8136986301369863,0,TRUE
C314Z,La Gomera,2016,"VALLEHERMOSO, ALTO IGUALERO",366,366,365,366,0.9972677595628415,1,0,TRUE
C314Z,La Gomera,2017,"VALLEHERMOSO, ALTO IGUALERO",365,352,351,351,0.9616438356164384,0.9616438356164384,0,TRUE
C314Z,La Gomera,2018,"VALLEHERMOSO, ALTO IGUALERO",365,344,344,343,0.9424657534246575,0.9397260273972603,0,TRUE
C314Z,La Gomera,2019,"VALLEHERMOSO, ALTO IGUALERO",365,365,364,365,0.9972602739726028,1,0,TRUE
C314Z,La Gomera,2020,"VALLEHERMOSO, ALTO IGUALERO",366,366,322,366,0.8797814207650273,1,0,TRUE
C314Z,La Gomera,2021,"VALLEHERMOSO, ALTO IGUALERO",365,365,365,364,1,0.9972602739726028,0,TRUE
C314Z,La Gomera,2022,"VALLEHERMOSO, ALTO IGUALERO",365,365,365,365,1,1,0,TRUE
C314Z,La Gomera,2023,"VALLEHERMOSO, ALTO IGUALERO",365,365,363,337,0.9945205479452055,0.9232876712328767,0,TRUE
C314Z,La Gomera,2024,"VALLEHERMOSO, ALTO IGUALERO",366,343,341,339,0.9316939890710383,0.9262295081967213,0,TRUE
C314Z,La Gomera,2025,"VALLEHERMOSO, ALTO IGUALERO",365,365,365,365,1,1,0,TRUE
C317B,La Gomera,2015,AGULO,365,365,365,364,1,0.9972602739726028,0,TRUE
C317B,La Gomera,2016,AGULO,366,366,364,304,0.994535519125683,0.8306010928961749,0,TRUE
C317B,La Gomera,2017,AGULO,365,365,362,365,0.9917808219178083,1,0,TRUE
C317B,La Gomera,2018,AGULO,365,365,365,365,1,1,0,TRUE
C317B,La Gomera,2019,AGULO,365,365,365,365,1,1,0,TRUE
C317B,La Gomera,2020,AGULO,366,366,353,366,0.9644808743169399,1,0,TRUE
C317B,La Gomera,2021,AGULO,365,365,365,356,1,0.9753424657534246,0,TRUE
C317B,La Gomera,2022,AGULO,365,360,360,360,0.9863013698630136,0.9863013698630136,0,TRUE
C317B,La Gomera,2023,AGULO,365,365,360,365,0.9863013698630136,1,0,TRUE
C317B,La Gomera,2024,AGULO,366,366,366,366,1,1,0,TRUE
C317B,La Gomera,2025,AGULO,365,360,360,359,0.9863013698630136,0.9835616438356164,0,TRUE
C319W,La Gomera,2015,"VALLEHERMOSO, DAMA",365,363,352,359,0.9643835616438357,0.9835616438356164,0,TRUE
C319W,La Gomera,2016,"VALLEHERMOSO, DAMA",366,366,366,366,1,1,0,TRUE
C319W,La Gomera,2017,"VALLEHERMOSO, DAMA",365,365,363,365,0.9945205479452055,1,0,TRUE
C319W,La Gomera,2018,"VALLEHERMOSO, DAMA",365,365,365,365,1,1,0,TRUE
C319W,La Gomera,2019,"VALLEHERMOSO, DAMA",365,365,365,365,1,1,0,TRUE
C319W,La Gomera,2020,"VALLEHERMOSO, DAMA",366,366,365,366,0.9972677595628415,1,0,TRUE
C319W,La Gomera,2021,"VALLEHERMOSO, DAMA",365,365,365,365,1,1,0,TRUE
C319W,La Gomera,2022,"VALLEHERMOSO, DAMA",365,365,365,365,1,1,0,TRUE
C319W,La Gomera,2023,"VALLEHERMOSO, DAMA",365,365,365,365,1,1,0,TRUE
C319W,La Gomera,2024,"VALLEHERMOSO, DAMA",366,366,366,366,1,1,0,TRUE
C319W,La Gomera,2025,"VALLEHERMOSO, DAMA",365,365,365,365,1,1,0,TRUE
C329B,La Gomera,2015,"LA GOMERA, AEROPUERTO",365,365,365,365,1,1,0,TRUE
C329B,La Gomera,2016,"LA GOMERA, AEROPUERTO",366,366,366,366,1,1,0,TRUE
C329B,La Gomera,2017,"LA GOMERA, AEROPUERTO",365,365,364,365,0.9972602739726028,1,0,TRUE
C329B,La Gomera,2018,"LA GOMERA, AEROPUERTO",365,365,365,365,1,1,0,TRUE
C329B,La Gomera,2019,"LA GOMERA, AEROPUERTO",365,365,365,365,1,1,0,TRUE
C329B,La Gomera,2020,"LA GOMERA, AEROPUERTO",366,285,285,284,0.7786885245901639,0.7759562841530054,0,FALSE
C329B,La Gomera,2021,"LA GOMERA, AEROPUERTO",365,365,365,365,1,1,0,TRUE
C329B,La Gomera,2022,"LA GOMERA, AEROPUERTO",365,365,365,365,1,1,0,TRUE
C329B,La Gomera,2023,"LA GOMERA, AEROPUERTO",365,365,365,365,1,1,0,TRUE
C329B,La Gomera,2024,"LA GOMERA, AEROPUERTO",366,366,366,366,1,1,0,TRUE
C329B,La Gomera,2025,"LA GOMERA, AEROPUERTO",365,365,364,365,0.9972602739726028,1,0,TRUE
C329Z,La Gomera,2015,SAN SEBASTIÁN DE LA GOMERA,365,359,352,349,0.9643835616438357,0.9561643835616438,0,TRUE
C329Z,La Gomera,2016,SAN SEBASTIÁN DE LA GOMERA,366,366,362,365,0.9890710382513661,0.9972677595628415,0,TRUE
C329Z,La Gomera,2017,SAN SEBASTIÁN DE LA GOMERA,365,365,364,365,0.9972602739726028,1,0,TRUE
C329Z,La Gomera,2018,SAN SEBASTIÁN DE LA GOMERA,365,365,364,311,0.9972602739726028,0.852054794520548,0,TRUE
C329Z,La Gomera,2019,SAN SEBASTIÁN DE LA GOMERA,365,365,363,355,0.9945205479452055,0.9726027397260274,0,TRUE
C329Z,La Gomera,2020,SAN SEBASTIÁN DE LA GOMERA,366,366,365,366,0.9972677595628415,1,0,TRUE
C329Z,La Gomera,2021,SAN SEBASTIÁN DE LA GOMERA,365,365,363,365,0.9945205479452055,1,0,TRUE
C329Z,La Gomera,2022,SAN SEBASTIÁN DE LA GOMERA,365,365,365,365,1,1,0,TRUE
C329Z,La Gomera,2023,SAN SEBASTIÁN DE LA GOMERA,365,365,331,365,0.9068493150684932,1,0,TRUE
C329Z,La Gomera,2024,SAN SEBASTIÁN DE LA GOMERA,366,366,265,366,0.7240437158469946,1,0,FALSE
C329Z,La Gomera,2025,SAN SEBASTIÁN DE LA GOMERA,365,365,365,365,1,1,0,TRUE
C419X,Tenerife,2015,ADEJE,365,365,358,362,0.9808219178082191,0.9917808219178083,0,TRUE
C419X,Tenerife,2016,ADEJE,366,366,366,366,1,1,0,TRUE
C419X,Tenerife,2017,ADEJE,365,365,363,365,0.9945205479452055,1,0,TRUE
C419X,Tenerife,2018,ADEJE,365,365,365,365,1,1,0,TRUE
C419X,Tenerife,2019,ADEJE,365,365,365,365,1,1,0,TRUE
C419X,Tenerife,2020,ADEJE,366,366,362,365,0.9890710382513661,0.9972677595628415,0,TRUE
C419X,Tenerife,2021,ADEJE,365,365,365,365,1,1,0,TRUE
C419X,Tenerife,2022,ADEJE,365,365,365,365,1,1,0,TRUE
C419X,Tenerife,2023,ADEJE,365,365,365,365,1,1,0,TRUE
C419X,Tenerife,2024,ADEJE,366,366,366,366,1,1,0,TRUE
C419X,Tenerife,2025,ADEJE,365,364,362,364,0.9917808219178083,0.9972602739726028,0,TRUE
C430E,Tenerife,2015,IZAÑA,365,365,365,365,1,1,0,TRUE
C430E,Tenerife,2016,IZAÑA,366,366,366,366,1,1,0,TRUE
C430E,Tenerife,2017,IZAÑA,365,365,365,365,1,1,0,TRUE
C430E,Tenerife,2018,IZAÑA,365,365,365,365,1,1,0,TRUE
C430E,Tenerife,2019,IZAÑA,365,365,365,365,1,1,0,TRUE
C430E,Tenerife,2020,IZAÑA,366,366,366,366,1,1,0,TRUE
C430E,Tenerife,2021,IZAÑA,365,365,365,365,1,1,0,TRUE
C430E,Tenerife,2022,IZAÑA,365,365,365,365,1,1,0,TRUE
C430E,Tenerife,2023,IZAÑA,365,365,365,365,1,1,0,TRUE
C430E,Tenerife,2024,IZAÑA,366,366,366,366,1,1,0,TRUE
C430E,Tenerife,2025,IZAÑA,365,365,365,365,1,1,0,TRUE
C449Q,Tenerife,2015,CITFAGRO_97_TAGANANA,365,364,364,357,0.9972602739726028,0.9780821917808219,0,TRUE
C449Q,Tenerife,2016,CITFAGRO_97_TAGANANA,366,345,343,340,0.9371584699453552,0.9289617486338798,0,TRUE
C449Q,Tenerife,2017,CITFAGRO_97_TAGANANA,365,356,351,350,0.9616438356164384,0.958904109589041,0,TRUE
C449Q,Tenerife,2018,CITFAGRO_97_TAGANANA,365,363,361,349,0.989041095890411,0.9561643835616438,0,TRUE
C449Q,Tenerife,2019,CITFAGRO_97_TAGANANA,365,365,360,346,0.9863013698630136,0.947945205479452,0,TRUE
C449Q,Tenerife,2020,CITFAGRO_97_TAGANANA,366,363,362,362,0.9890710382513661,0.9890710382513661,0,TRUE
C449Q,Tenerife,2021,CITFAGRO_97_TAGANANA,365,362,360,359,0.9863013698630136,0.9835616438356164,0,TRUE
C449Q,Tenerife,2022,CITFAGRO_97_TAGANANA,365,365,365,365,1,1,0,TRUE
C449Q,Tenerife,2023,CITFAGRO_97_TAGANANA,365,365,363,365,0.9945205479452055,1,0,TRUE
C449Q,Tenerife,2024,CITFAGRO_97_TAGANANA,366,366,366,360,1,0.9836065573770492,0,TRUE
C449Q,Tenerife,2025,CITFAGRO_97_TAGANANA,365,365,365,364,1,0.9972602739726028,0,TRUE
C458A,Tenerife,2015,TACORONTE,365,365,362,363,0.9917808219178083,0.9945205479452055,0,TRUE
C458A,Tenerife,2016,TACORONTE,366,366,365,366,0.9972677595628415,1,0,TRUE
C458A,Tenerife,2017,TACORONTE,365,365,359,365,0.9835616438356164,1,0,TRUE
C458A,Tenerife,2018,TACORONTE,365,358,358,358,0.9808219178082191,0.9808219178082191,0,TRUE
C458A,Tenerife,2019,TACORONTE,365,360,360,317,0.9863013698630136,0.8684931506849315,0,TRUE
C458A,Tenerife,2020,TACORONTE,366,366,366,366,1,1,0,TRUE
C458A,Tenerife,2021,TACORONTE,365,365,365,365,1,1,0,TRUE
C458A,Tenerife,2022,TACORONTE,365,365,365,365,1,1,0,TRUE
C458A,Tenerife,2023,TACORONTE,365,365,365,365,1,1,0,TRUE
C458A,Tenerife,2024,TACORONTE,366,358,358,358,0.9781420765027322,0.9781420765027322,0,TRUE
C458A,Tenerife,2025,TACORONTE,365,365,365,365,1,1,0,TRUE
C468O,Tenerife,2015,CITFAGRO_62_TRIGO,365,365,365,360,1,0.9863013698630136,0,TRUE
C468O,Tenerife,2016,CITFAGRO_62_TRIGO,366,346,344,343,0.9398907103825137,0.9371584699453552,0,TRUE
C468O,Tenerife,2017,CITFAGRO_62_TRIGO,365,358,355,353,0.9726027397260274,0.9671232876712329,0,TRUE
C468O,Tenerife,2018,CITFAGRO_62_TRIGO,365,364,357,344,0.9780821917808219,0.9424657534246575,0,TRUE
C468O,Tenerife,2019,CITFAGRO_62_TRIGO,365,360,347,356,0.9506849315068493,0.9753424657534246,0,TRUE
C468O,Tenerife,2020,CITFAGRO_62_TRIGO,366,365,365,360,0.9972677595628415,0.9836065573770492,0,TRUE
C468O,Tenerife,2021,CITFAGRO_62_TRIGO,365,364,364,362,0.9972602739726028,0.9917808219178083,0,TRUE
C468O,Tenerife,2022,CITFAGRO_62_TRIGO,365,364,364,361,0.9972602739726028,0.989041095890411,0,TRUE
C468O,Tenerife,2023,CITFAGRO_62_TRIGO,365,365,364,363,0.9972602739726028,0.9945205479452055,0,TRUE
C468O,Tenerife,2024,CITFAGRO_62_TRIGO,366,365,365,361,0.9972677595628415,0.9863387978142076,0,TRUE
C468O,Tenerife,2025,CITFAGRO_62_TRIGO,365,365,363,358,0.9945205479452055,0.9808219178082191,0,TRUE
C611E,Gran Canaria,2015,VEGA DE SAN MATEO,365,355,337,334,0.9232876712328767,0.915068493150685,0,TRUE
C611E,Gran Canaria,2016,VEGA DE SAN MATEO,366,363,358,358,0.9781420765027322,0.9781420765027322,0,TRUE
C611E,Gran Canaria,2017,VEGA DE SAN MATEO,365,365,365,363,1,0.9945205479452055,0,TRUE
C611E,Gran Canaria,2018,VEGA DE SAN MATEO,365,358,357,357,0.9780821917808219,0.9780821917808219,0,TRUE
C611E,Gran Canaria,2019,VEGA DE SAN MATEO,365,353,342,336,0.936986301369863,0.9205479452054794,0,TRUE
C611E,Gran Canaria,2020,VEGA DE SAN MATEO,366,362,355,355,0.9699453551912568,0.9699453551912568,0,TRUE
C611E,Gran Canaria,2021,VEGA DE SAN MATEO,365,362,355,354,0.9726027397260274,0.9698630136986301,0,TRUE
C611E,Gran Canaria,2022,VEGA DE SAN MATEO,365,365,363,362,0.9945205479452055,0.9917808219178083,0,TRUE
C611E,Gran Canaria,2023,VEGA DE SAN MATEO,365,365,363,363,0.9945205479452055,0.9945205479452055,0,TRUE
C611E,Gran Canaria,2024,VEGA DE SAN MATEO,366,366,364,362,0.994535519125683,0.9890710382513661,0,TRUE
C611E,Gran Canaria,2025,VEGA DE SAN MATEO,365,359,357,353,0.9780821917808219,0.9671232876712329,0,TRUE
C619Y,Gran Canaria,2015,LA ALDEA DE SAN NICOLÁS,365,298,295,293,0.8082191780821918,0.8027397260273973,0,TRUE
C619Y,Gran Canaria,2016,LA ALDEA DE SAN NICOLÁS,366,366,366,362,1,0.9890710382513661,0,TRUE
C619Y,Gran Canaria,2017,LA ALDEA DE SAN NICOLÁS,365,355,352,352,0.9643835616438357,0.9643835616438357,0,TRUE
C619Y,Gran Canaria,2018,LA ALDEA DE SAN NICOLÁS,365,365,365,363,1,0.9945205479452055,0,TRUE
C619Y,Gran Canaria,2019,LA ALDEA DE SAN NICOLÁS,365,362,362,358,0.9917808219178083,0.9808219178082191,0,TRUE
C619Y,Gran Canaria,2020,LA ALDEA DE SAN NICOLÁS,366,363,363,355,0.9918032786885246,0.9699453551912568,0,TRUE
C619Y,Gran Canaria,2021,LA ALDEA DE SAN NICOLÁS,365,365,363,362,0.9945205479452055,0.9917808219178083,0,TRUE
C619Y,Gran Canaria,2022,LA ALDEA DE SAN NICOLÁS,365,365,363,360,0.9945205479452055,0.9863013698630136,0,TRUE
C619Y,Gran Canaria,2023,LA ALDEA DE SAN NICOLÁS,365,365,364,331,0.9972602739726028,0.9068493150684932,0,TRUE
C619Y,Gran Canaria,2024,LA ALDEA DE SAN NICOLÁS,366,366,365,360,0.9972677595628415,0.9836065573770492,0,TRUE
C619Y,Gran Canaria,2025,LA ALDEA DE SAN NICOLÁS,365,365,365,355,1,0.9726027397260274,0,TRUE
C649I,Gran Canaria,2015,GRAN CANARIA AEROPUERTO,365,365,341,365,0.9342465753424658,1,0,TRUE
C649I,Gran Canaria,2016,GRAN CANARIA AEROPUERTO,366,366,354,366,0.9672131147540983,1,0,TRUE
C649I,Gran Canaria,2017,GRAN CANARIA AEROPUERTO,365,365,359,365,0.9835616438356164,1,0,TRUE
C649I,Gran Canaria,2018,GRAN CANARIA AEROPUERTO,365,365,353,365,0.9671232876712329,1,0,TRUE
C649I,Gran Canaria,2019,GRAN CANARIA AEROPUERTO,365,365,350,365,0.958904109589041,1,0,TRUE
C649I,Gran Canaria,2020,GRAN CANARIA AEROPUERTO,366,366,362,366,0.9890710382513661,1,0,TRUE
C649I,Gran Canaria,2021,GRAN CANARIA AEROPUERTO,365,365,345,365,0.9452054794520548,1,0,TRUE
C649I,Gran Canaria,2022,GRAN CANARIA AEROPUERTO,365,365,361,365,0.989041095890411,1,0,TRUE
C649I,Gran Canaria,2023,GRAN CANARIA AEROPUERTO,365,365,354,365,0.9698630136986301,1,0,TRUE
C649I,Gran Canaria,2024,GRAN CANARIA AEROPUERTO,366,366,356,366,0.9726775956284153,1,0,TRUE
C649I,Gran Canaria,2025,GRAN CANARIA AEROPUERTO,365,365,347,365,0.9506849315068493,1,0,TRUE
C659M,Gran Canaria,2015,"LAS PALMAS DE GRAN CANARIA, PL. DE LA FERIA",365,353,343,334,0.9397260273972603,0.915068493150685,0,TRUE
C659M,Gran Canaria,2016,"LAS PALMAS DE GRAN CANARIA, PL. DE LA FERIA",366,343,335,336,0.9153005464480874,0.9180327868852459,0,TRUE
C659M,Gran Canaria,2017,"LAS PALMAS DE GRAN CANARIA, PL. DE LA FERIA",365,358,347,348,0.9506849315068493,0.9534246575342465,0,TRUE
C659M,Gran Canaria,2018,"LAS PALMAS DE GRAN CANARIA, PL. DE LA FERIA",365,365,365,362,1,0.9917808219178083,0,TRUE
C659M,Gran Canaria,2019,"LAS PALMAS DE GRAN CANARIA, PL. DE LA FERIA",365,361,351,355,0.9616438356164384,0.9726027397260274,0,TRUE
C659M,Gran Canaria,2020,"LAS PALMAS DE GRAN CANARIA, PL. DE LA FERIA",366,361,316,355,0.8633879781420765,0.9699453551912568,0,TRUE
C659M,Gran Canaria,2021,"LAS PALMAS DE GRAN CANARIA, PL. DE LA FERIA",365,359,355,352,0.9726027397260274,0.9643835616438357,0,TRUE
C659M,Gran Canaria,2022,"LAS PALMAS DE GRAN CANARIA, PL. DE LA FERIA",365,365,365,361,1,0.989041095890411,0,TRUE
C659M,Gran Canaria,2023,"LAS PALMAS DE GRAN CANARIA, PL. DE LA FERIA",365,365,327,362,0.8958904109589041,0.9917808219178083,0,TRUE
C659M,Gran Canaria,2024,"LAS PALMAS DE GRAN CANARIA, PL. DE LA FERIA",366,365,363,359,0.9918032786885246,0.9808743169398907,0,TRUE
C659M,Gran Canaria,2025,"LAS PALMAS DE GRAN CANARIA, PL. DE LA FERIA",365,362,294,359,0.8054794520547945,0.9835616438356164,0,TRUE
C689E,Gran Canaria,2015,MASPALOMAS,365,356,346,344,0.947945205479452,0.9424657534246575,0,TRUE
C689E,Gran Canaria,2016,MASPALOMAS,366,337,325,320,0.8879781420765027,0.8743169398907104,0,TRUE
C689E,Gran Canaria,2017,MASPALOMAS,365,344,331,328,0.9068493150684932,0.8986301369863013,0,TRUE
C689E,Gran Canaria,2018,MASPALOMAS,365,363,361,358,0.989041095890411,0.9808219178082191,0,TRUE
C689E,Gran Canaria,2019,MASPALOMAS,365,280,275,275,0.7534246575342466,0.7534246575342466,0,FALSE
C689E,Gran Canaria,2020,MASPALOMAS,366,352,96,336,0.26229508196721313,0.9180327868852459,0,FALSE
C689E,Gran Canaria,2021,MASPALOMAS,365,364,0,363,0,0.9945205479452055,0,FALSE
C689E,Gran Canaria,2022,MASPALOMAS,365,365,0,361,0,0.989041095890411,0,FALSE
C689E,Gran Canaria,2023,MASPALOMAS,365,365,0,361,0,0.989041095890411,0,FALSE
C689E,Gran Canaria,2024,MASPALOMAS,366,366,0,362,0,0.9890710382513661,0,FALSE
C689E,Gran Canaria,2025,MASPALOMAS,365,365,224,362,0.6136986301369863,0.9917808219178083,0,FALSE
C839X,La Graciosa,2015,LA GRACIOSA,365,304,303,300,0.8301369863013699,0.821917808219178,0,TRUE
C839X,La Graciosa,2016,LA GRACIOSA,366,366,366,363,1,0.9918032786885246,0,TRUE
C839X,La Graciosa,2017,LA GRACIOSA,365,359,347,356,0.9506849315068493,0.9753424657534246,0,TRUE
C839X,La Graciosa,2018,LA GRACIOSA,365,355,351,351,0.9616438356164384,0.9616438356164384,0,TRUE
C839X,La Graciosa,2019,LA GRACIOSA,365,365,365,362,1,0.9917808219178083,0,TRUE
C839X,La Graciosa,2020,LA GRACIOSA,366,366,366,364,1,0.994535519125683,0,TRUE
C839X,La Graciosa,2021,LA GRACIOSA,365,352,350,346,0.958904109589041,0.947945205479452,0,TRUE
C839X,La Graciosa,2022,LA GRACIOSA,365,365,327,360,0.8958904109589041,0.9863013698630136,0,TRUE
C839X,La Graciosa,2023,LA GRACIOSA,365,303,303,292,0.8301369863013699,0.8,0,TRUE
C839X,La Graciosa,2024,LA GRACIOSA,366,363,363,360,0.9918032786885246,0.9836065573770492,0,TRUE
C839X,La Graciosa,2025,LA GRACIOSA,365,359,359,354,0.9835616438356164,0.9698630136986301,0,TRUE
C916Q,El Hierro,2015,"EL PINAR, DEPÓSITO",365,365,365,364,1,0.9972602739726028,0,TRUE
C916Q,El Hierro,2016,"EL PINAR, DEPÓSITO",366,366,342,366,0.9344262295081968,1,0,TRUE
C916Q,El Hierro,2017,"EL PINAR, DEPÓSITO",365,365,365,365,1,1,0,TRUE
C916Q,El Hierro,2018,"EL PINAR, DEPÓSITO",365,365,365,365,1,1,0,TRUE
C916Q,El Hierro,2019,"EL PINAR, DEPÓSITO",365,365,365,365,1,1,0,TRUE
C916Q,El Hierro,2020,"EL PINAR, DEPÓSITO",366,366,366,366,1,1,0,TRUE
C916Q,El Hierro,2021,"EL PINAR, DEPÓSITO",365,365,364,364,0.9972602739726028,0.9972602739726028,0,TRUE
C916Q,El Hierro,2022,"EL PINAR, DEPÓSITO",365,365,356,365,0.9753424657534246,1,0,TRUE
C916Q,El Hierro,2023,"EL PINAR, DEPÓSITO",365,365,365,365,1,1,0,TRUE
C916Q,El Hierro,2024,"EL PINAR, DEPÓSITO",366,366,366,366,1,1,0,TRUE
C916Q,El Hierro,2025,"EL PINAR, DEPÓSITO",365,365,365,365,1,1,0,TRUE
C917E,El Hierro,2015,"EL PINAR, LA DEHESA",365,365,364,358,0.9972602739726028,0.9808219178082191,0,TRUE
C917E,El Hierro,2016,"EL PINAR, LA DEHESA",366,366,365,291,0.9972677595628415,0.7950819672131147,0,TRUE
C917E,El Hierro,2017,"EL PINAR, LA DEHESA",365,365,362,293,0.9917808219178083,0.8027397260273973,0,TRUE
C917E,El Hierro,2018,"EL PINAR, LA DEHESA",365,365,365,365,1,1,0,TRUE
C917E,El Hierro,2019,"EL PINAR, LA DEHESA",365,365,363,365,0.9945205479452055,1,0,TRUE
C917E,El Hierro,2020,"EL PINAR, LA DEHESA",366,313,313,313,0.855191256830601,0.855191256830601,0,TRUE
C917E,El Hierro,2021,"EL PINAR, LA DEHESA",365,365,365,365,1,1,0,TRUE
C917E,El Hierro,2022,"EL PINAR, LA DEHESA",365,365,365,365,1,1,0,TRUE
C917E,El Hierro,2023,"EL PINAR, LA DEHESA",365,291,275,290,0.7534246575342466,0.7945205479452054,0,FALSE
C917E,El Hierro,2024,"EL PINAR, LA DEHESA",366,366,353,266,0.9644808743169399,0.726775956284153,0,TRUE
C917E,El Hierro,2025,"EL PINAR, LA DEHESA",365,365,360,365,0.9863013698630136,1,0,TRUE
C919K,El Hierro,2015,TACORON-LAPILLAS-TORTUGA,365,365,364,355,0.9972602739726028,0.9726027397260274,0,TRUE
C919K,El Hierro,2016,TACORON-LAPILLAS-TORTUGA,366,366,354,366,0.9672131147540983,1,0,TRUE
C919K,El Hierro,2017,TACORON-LAPILLAS-TORTUGA,365,334,289,314,0.7917808219178082,0.8602739726027397,0,FALSE
C919K,El Hierro,2018,TACORON-LAPILLAS-TORTUGA,365,365,365,335,1,0.9178082191780822,0,TRUE
C919K,El Hierro,2019,TACORON-LAPILLAS-TORTUGA,365,365,354,365,0.9698630136986301,1,0,TRUE
C919K,El Hierro,2020,TACORON-LAPILLAS-TORTUGA,366,366,333,322,0.9098360655737705,0.8797814207650273,0,TRUE
C919K,El Hierro,2021,TACORON-LAPILLAS-TORTUGA,365,348,348,347,0.9534246575342465,0.9506849315068493,0,TRUE
C919K,El Hierro,2022,TACORON-LAPILLAS-TORTUGA,365,365,363,365,0.9945205479452055,1,0,TRUE
C919K,El Hierro,2023,TACORON-LAPILLAS-TORTUGA,365,365,365,365,1,1,0,TRUE
C919K,El Hierro,2024,TACORON-LAPILLAS-TORTUGA,366,207,206,207,0.5628415300546448,0.5655737704918032,0,FALSE
C919K,El Hierro,2025,TACORON-LAPILLAS-TORTUGA,365,365,364,365,0.9972602739726028,1,0,TRUE
C925F,El Hierro,2015,"SAN ANDRÉS, VALVERDE",365,365,348,365,0.9534246575342465,1,0,TRUE
C925F,El Hierro,2016,"SAN ANDRÉS, VALVERDE",366,366,366,366,1,1,0,TRUE
C925F,El Hierro,2017,"SAN ANDRÉS, VALVERDE",365,365,365,365,1,1,0,TRUE
C925F,El Hierro,2018,"SAN ANDRÉS, VALVERDE",365,365,365,365,1,1,0,TRUE
C925F,El Hierro,2019,"SAN ANDRÉS, VALVERDE",365,272,272,271,0.7452054794520548,0.7424657534246575,0,FALSE
C925F,El Hierro,2020,"SAN ANDRÉS, VALVERDE",366,50,50,50,0.1366120218579235,0.1366120218579235,0,FALSE
C925F,El Hierro,2021,"SAN ANDRÉS, VALVERDE",365,365,365,365,1,1,0,TRUE
C925F,El Hierro,2022,"SAN ANDRÉS, VALVERDE",365,365,365,365,1,1,0,TRUE
C925F,El Hierro,2023,"SAN ANDRÉS, VALVERDE",365,365,364,365,0.9972602739726028,1,0,TRUE
C925F,El Hierro,2024,"SAN ANDRÉS, VALVERDE",366,366,365,366,0.9972677595628415,1,0,TRUE
C925F,El Hierro,2025,"SAN ANDRÉS, VALVERDE",365,365,351,365,0.9616438356164384,1,0,TRUE
C929I,El Hierro,2015,HIERRO AEROPUERTO,365,365,364,365,0.9972602739726028,1,0,TRUE
C929I,El Hierro,2016,HIERRO AEROPUERTO,366,366,365,366,0.9972677595628415,1,0,TRUE
C929I,El Hierro,2017,HIERRO AEROPUERTO,365,365,365,365,1,1,0,TRUE
C929I,El Hierro,2018,HIERRO AEROPUERTO,365,365,365,365,1,1,0,TRUE
C929I,El Hierro,2019,HIERRO AEROPUERTO,365,365,363,365,0.9945205479452055,1,0,TRUE
C929I,El Hierro,2020,HIERRO AEROPUERTO,366,366,366,366,1,1,0,TRUE
C929I,El Hierro,2021,HIERRO AEROPUERTO,365,365,365,365,1,1,0,TRUE
C929I,El Hierro,2022,HIERRO AEROPUERTO,365,365,365,365,1,1,0,TRUE
C929I,El Hierro,2023,HIERRO AEROPUERTO,365,365,365,365,1,1,0,TRUE
C929I,El Hierro,2024,HIERRO AEROPUERTO,366,366,366,366,1,1,0,TRUE
C929I,El Hierro,2025,HIERRO AEROPUERTO,365,365,365,365,1,1,0,TRUE
