island,year,n_stations,tmed_annual,tmin_annual,tmax_annual,anom_tmed,anom_tmin,anom_tmax,prec_annual,hr_media_annual,hr_min_annual,hr_max_annual,velmedia_annual,racha_mean_annual,sol_annual,pres_min_annual,pres_max_annual,tropical_nights_annual,equatorial_nights_annual,torrid_nights_annual,warm_days_30,warm_days_35
El Hierro,2015,5,18.40398891966759,14.998559556786704,21.81174515235457,-0.201328161106602,-0.20295554701892016,-0.20085885405458725,245.41383508577755,67.75522552255225,51.25634681087205,83.79841171088314,4.250752178169591,11.667920232833767,2688.6,1015.2482093663912,1018.4030303030303,74.1,3.6,0,20.6,1
El Hierro,2016,5,18.311607142857145,14.857979910714286,21.76489955357143,-0.2937099379170469,-0.34353519309133773,-0.24770445283772702,282.05333333333334,68.70249307479224,52.31823763550987,84.93592504976357,4.267359360179429,11.72099720181099,2709.9,1014.6139344262295,1017.7879781420766,65.9,3,0,20.6,3.8
El Hierro,2017,4,18.065682910089226,14.575566231983526,21.556417295813315,-0.5396341706849661,-0.6259488718220982,-0.4561867105958406,233.00302593659944,68.21586847748392,50.47284046703449,83.43812667547752,4.32326904815458,11.715119944429537,2673,1013.745,1016.9686111111112,73.1,4.5,0,31,5.5
El Hierro,2018,5,17.622191780821918,14.30882191780822,20.935561643835616,-0.9831252999522739,-0.8926931859974037,-1.0770423625735397,320.39442896935935,71.05054945054945,54.30985389919853,85.96444690707044,4.419840114757511,12.149656663757334,2729.4,1014.3782967032965,1017.5629120879122,49.6,1.2,0,10.2,0.6
El Hierro,2019,4,19.139653979238755,15.787266435986158,22.494532871972318,0.5343368984645629,0.5857513321805339,0.4819288655631624,156.075,64.55671537926236,48.948092462492895,80.61039861818972,4.2469479767601674,11.721437855830745,2783.3,1014.4602240896359,1017.5182072829132,75.3,2.3,0,13,2.3
El Hierro,2020,4,19.95544267053701,16.58642960812772,23.326850507982584,1.3501255897628184,1.3849145043220954,1.3142465015734288,244.45618141916603,62.45839416058394,46.880253367847594,78.68961573216117,4.182370189205429,11.68177885925314,2747.3,1014.0988980716254,1017.4239669421488,96.2,5.5,0.5,26.6,5.4
El Hierro,2021,5,18.306308799114554,14.91317100166021,21.69717764250138,-0.29900828165963844,-0.2883441021454143,-0.31542636390777545,227.4753045404208,67.64075513603554,51.770155505547145,82.99347101825677,4.130834149248648,11.456154876055894,2730.6,1013.8867403314918,1017.0817679558011,68.3,3.4,0.4,23.1,5
El Hierro,2022,5,18.55821389195149,15.190573318632856,21.92894156560088,-0.047103188822703146,-0.010941785172768448,-0.08366244080827556,487.46,67.29916897506925,50.428644391017706,83.07745604288371,4.203782699444781,11.550387611755651,2674.4,1013.3151933701657,1016.5925414364641,75,4.6,0.2,18.6,3.6
El Hierro,2023,4,19.742974640164498,16.198012337217275,23.291226867717615,1.1376575593903056,0.9964972334116506,1.2786228613084596,239.825,64.13545266067726,48.83441543626585,79.55379983400165,3.8313188804491722,10.421212309898488,2876.6,1013.5546218487395,1016.7056022408964,112.8,7.3,1,32.5,9.8
El Hierro,2024,4,18.3468275862069,14.830361032598454,21.862715854363323,-0.25848949456729287,-0.3711540712071706,-0.1498881520458326,163.58211143695016,65.4575799721836,47.752683130112096,82.53376749943884,4.546126836184142,12.064235181428042,2756.3,1013.4002732240438,1016.6412568306009,65.1,1.5,0,21.9,1
El Hierro,2025,5,18.205595567867036,14.96992479034645,21.468575114787686,-0.3997215129071563,-0.2315903134591739,-0.5440288916214691,351.34,71.01340033500837,55.16421301961429,85.31578045739504,4.215301002676221,11.524779065296553,2785.3,1013.9238356164384,1017.1301369863014,74,3.4,0,21.2,3.4
Fuerteventura,2015,5,20.762203286670726,17.286122945830797,24.24260499087036,-0.3117273287691802,-0.26914813687776373,-0.35015134349826127,52.29301470588235,68.09893992932862,53.479158711392664,84.26162583348848,4.644419355854071,11.694817239703713,2783.7,1013.0157076205287,1018.2841368584758,83,2.5,0,24.8,3.9
Fuerteventura,2016,5,20.70016611295681,17.187707641196013,24.213565891472868,-0.3737645024830947,-0.36756344151254794,-0.37919044289575154,106.68202866593165,68.24008810572687,53.73420561237615,83.80362638837397,4.617868622534886,11.710899335760724,2757.4,1014.8922865013775,1018.2936639118457,75.9,0.6,0,23,2.2
Fuerteventura,2017,5,21.56948658109685,17.92117852975496,25.218961493582267,0.49555596565694415,0.3659074470463999,0.6262051592136473,59.81160092807424,65.04890387858347,49.73308038241122,82.02183660435568,4.520859616981928,11.618141488305621,2870.8,1014.0038571428571,1017.5061428571429,109.2,4.4,0,40.9,5.4
Fuerteventura,2018,5,20.273201133144475,16.816895937473024,23.72640226628895,-0.8007294822954307,-0.7383751452355369,-0.8663540680796693,95.35656851642129,67.33614864864865,53.15414346448213,82.98336865724484,4.756316528218206,11.967217820459181,2666.4,1014.9027338129497,1018.2670503597124,68.5,0,0,15.5,0.4
Fuerteventura,2019,5,20.693470982142856,17.123214285714287,24.265593946772924,-0.38045963329705046,-0.43205679699427435,-0.3271623875956955,48.8605540166205,65.33611574846967,50.43332813085869,81.55933336650946,4.600888710293134,11.77447295265691,2807.6,1014.8872044506261,1018.2012517385257,76.2,1.2,0,19.1,1.2
Fuerteventura,2020,5,21.263204419889504,17.710331491712704,24.81817679558011,0.18927380444959852,0.1550604090041432,0.22542046121149184,36.18587196467991,65.41221794166208,49.871206090306046,82.14627459491649,4.400975726870933,11.358894115541643,2785,1014.7385772913817,1018.2775649794801,100.7,3.6,0,30.4,3.2
Fuerteventura,2021,5,20.702844394868933,17.254601226993866,24.1494701617401,-0.37108622057097307,-0.30066985571469473,-0.4432861726285182,19.473826615129763,66.79711751662971,52.72429344646613,81.8508080563284,4.545162564708893,11.403571072392575,2802.7,1014.3489481065918,1017.7551192145864,77.9,2,0,19.4,3
Fuerteventura,2022,5,21.302651933701657,17.793259668508288,24.809060773480663,0.22872131826175135,0.2379885857997266,0.21630443911204367,117.5273178807947,65.95769230769231,50.722850096659975,81.57101858594793,4.602907188256628,11.559674303727888,2737.8,1013.8653685674548,1017.3461752433934,102.6,1.8,0,22.1,4.2
Fuerteventura,2023,5,21.946102075154236,18.31822770611329,25.574817722938867,0.8721714597143304,0.7629566234047296,0.9820613885702478,62.91546107123136,64.7729549248748,48.8518858784898,81.34523158677591,4.341256887094309,11.084950626852907,2948.5,1014.3413744740533,1017.7120617110799,118.6,6.9,0.2,43.8,7.5
Fuerteventura,2024,5,21.55581267217631,18.08451790633609,25.02473829201102,0.48188205673640283,0.5292468236275276,0.43198195764239955,38.68526027397261,65.02471169686986,49.27936571004603,81.66285401599595,4.6237156964578725,11.500710947504711,2773.6,1014.2757575757576,1017.678650137741,96.4,0.8,0,18.8,1.4
Fuerteventura,2025,5,21.044093178036604,17.61192457016084,24.476927343316696,-0.029837437403301692,0.05665348745228016,-0.11582899105192368,100.81741541874652,67.64491150442478,52.80123950222345,83.04825857303129,4.681888164397687,11.489912666673561,2636.5,1013.9309954751131,1017.4056561085972,96.9,3.4,0,23,5.2
Gran Canaria,2015,5,19.65938628158845,16.296028880866427,23.021660649819495,-0.13650985127684834,0.01894148988982991,-0.29311151174607986,188.0468263473054,65.82428309945088,51.521709412602966,79.73819188664953,4.337002325137568,11.03161935156138,2836.4926829268297,1013.1288152610442,1016.3559236947791,88.7,1.2,0,12.4,0.6
Gran Canaria,2016,5,19.659666283084004,16.227905638665135,23.088032220943614,-0.13622984978129438,-0.049181752311461935,-0.226739940621961,161.50849598163035,64.52428320655353,49.79966916630415,78.65668661391466,4.420849781615158,11.563443292449964,2819.32479338843,1012.7406015037594,1016.0343045112782,89.9,0.8,0,12.4,1
Gran Canaria,2017,5,20.14190421892816,16.666020524515393,23.618643101482327,0.34600808606286293,0.38893313353879577,0.3038709399167523,131.92391799544419,62.43815635939323,47.61066191374572,77.55372246780816,4.004984762730342,11.039146727089497,2964.9452261306537,1011.7321462043111,1015.0542642924086,112.5,0.2,0,19.2,1.4
Gran Canaria,2018,5,19.177345918933927,15.85752359800111,22.495780122154354,-0.6185502139313712,-0.4195637929754863,-0.8189920394112207,298.30193905817174,65.77306168647425,51.27045931613705,79.77460243950814,4.0950003829562105,11.614618669368589,3111.4736842105262,1013.8437902483901,1017.1202391904324,78,0,0,5.6,0
Gran Canaria,2019,4,19.391601423487543,15.881921708185052,22.901921708185053,-0.4042947093777549,-0.3951656827915446,-0.4128504533805213,150.57574257425742,61.351451973194344,45.976726209279896,75.84525826545298,4.507471025832033,11.849233477330602,2870.2614457831323,1014.2426046511629,1017.4054883720929,93,0,0,7.2,0
Gran Canaria,2020,4,19.86310888252149,16.307664756446993,23.416547277936964,0.06721274965619273,0.030577365470396245,0.10177511637138892,163.49881201956674,61.60700969425802,45.72821088579444,78.09169392569821,4.537820066808974,11.601015161613613,2972.2155309033283,1014.0015711645101,1017.4146950092421,102.2,1,0,20.1,1.6
Gran Canaria,2021,4,19.42447108603667,15.909379407616361,22.93730606488011,-0.37142504682862665,-0.36770798336023525,-0.37746609668546327,168.85910676901602,64.107299270073,48.47864195658356,79.50653398426391,4.746886270237395,12.050933612539488,3289.422797202797,1013.8021415270018,1017.1304469273741,90.5,1,0,14.6,1.5
Gran Canaria,2022,4,19.838705234159782,16.33154269972452,23.347933884297518,0.04280910129448401,0.05445530874792226,0.0331617227319434,337.3419198895028,62.31843971631206,46.18514110126998,78.93004222024703,4.782420085427752,12.180207449011721,3329.151790633609,1013.327970749543,1016.7035648994515,113.8,0.2,0,17,1
Gran Canaria,2023,4,20.32450284090909,16.539701704545454,24.112571022727273,0.5286067080437924,0.2626143135688572,0.7977988611616986,176.4713581984518,61.09117432530999,44.861195899377286,77.6534547461135,4.484953880099902,11.554099698849374,3367.746153846154,1013.6396694214877,1016.8970615243342,113.3,6.4,0,35.1,2.8
Gran Canaria,2024,4,20.46132596685083,16.780455801104974,24.142127071823207,0.6654298339855309,0.5033684101283775,0.8273549102576325,116.660400829302,61.23319027181688,44.781859987673485,78.51487649429515,4.693743524550875,11.972915276276986,3318.3739436619717,1013.4157598499064,1016.7194183864915,115.5,0,0,18.1,1
Gran Canaria,2025,4,19.81283932501834,16.249816581071165,23.379970652971387,0.016943192153043185,-0.027270809905431292,0.06519849140581258,310.6173184357542,62.708333333333336,45.997524147701554,78.9953335003942,4.699015709696481,11.748522571213684,3248.5335714285716,1013.6219900497514,1016.9395024875621,105.4,2.3,0,17.3,2
La Gomera,2015,5,18.834161849710984,15.485606936416184,22.180751445086706,-0.23287244467730872,0.0031668153795330056,-0.4718881814419831,232.77122260668972,71.65727699530517,55.81714091871932,86.79415130841721,3.3825958450616986,10.665029668957773,3132.5,1004.2870473537604,1007.4192200557103,63.5,1.9,0,18,2.1
La Gomera,2016,5,18.558804168952275,15.157871640153592,21.960175534832693,-0.5082301254360182,-0.3245684808830589,-0.6924640916959959,230.92167515563102,71.71357340720222,56.129862935262636,86.45436750952362,3.5433660362879897,10.85928847549024,3280.3,1003.7654320987655,1006.9890260631001,55.5,0.4,0,16.6,3.4
La Gomera,2017,5,19.38159645232816,15.901552106430156,22.85973149469975,0.31456215793986786,0.4191119853935046,0.2070918681710623,129.72208724461623,69.74802259887005,52.72741194141596,85.20313604363302,3.391599387439785,10.64369442035971,3164.4,1002.9831275720164,1006.1802469135803,79.8,3,0,27.2,2.8
La Gomera,2018,5,18.06389351081531,14.775374376039933,21.35146977260122,-1.0031407835729844,-0.7070657449967186,-1.301169853927469,254.83316180674672,72.90118577075098,57.387730488826236,87.15484909254336,3.7053909758109147,11.27971140116736,3316.7,1003.3059147180192,1006.5891334250344,43.7,0,0,8,0
La Gomera,2019,5,18.55675082327113,15.092919868276619,22.020362239297473,-0.5102834711171624,-0.38952025276003255,-0.6322773872312162,206.4146005509642,70.06547285954113,54.18225260580526,85.54241610822591,3.546747137012211,10.622485017692902,3413.5,1003.4466392318244,1006.671193415638,49.9,0.4,0,9.8,1.2
La Gomera,2020,4,19.23978647686833,15.45423487544484,23.026334519572952,0.17275218248003554,-0.02820524559181159,0.37369489304426295,240.675,70.08272859216255,52.88927094327973,85.99041941697932,3.6235032363548787,11.022245234947949,,1014.8502747252747,1018.2236263736264,67.5,2.7,0,28.2,4.2
La Gomera,2021,5,19.013219967087217,15.348765770707624,22.678771256171146,-0.05381432730107605,-0.1336743503290272,0.026131629642456744,191.9976308539945,70.00893854748604,52.909032403429734,84.88246923061267,3.58296810831881,10.678260369572143,3254,1002.7210818307906,1006.0402219140083,64.1,2,0,23.4,4.4
La Gomera,2022,5,19.310824175824173,15.711978021978021,22.907967032967033,0.24378988143588032,0.22953790094137005,0.25532740643834373,355.80164835164834,69.30381165919283,52.25458995140819,84.89809021074441,3.677340749909431,11.053918392762638,3248,1002.474690508941,1005.7591471801926,70,0.2,0,19.8,3.6
La Gomera,2023,5,20.385650224215247,16.504857323691404,24.280540573745313,1.3186159298269544,1.0224172026547524,1.6279009472166237,184.1924874791319,65.51399200456882,48.35624561232982,82.80818849689093,3.345771964546375,10.293443668437275,3388.2999999999997,1002.1903597122302,1005.3192805755394,98.4,9.7,0,47.5,9.9
La Gomera,2024,4,19.245795691452397,15.29874913134121,23.19374565670605,0.178761397064104,-0.18369098969544062,0.5411060301773603,171.29603340292275,67.3445318084346,48.70037314312116,84.43649253672724,3.7275345533163464,10.54287573313783,3383.0999999999995,991.2437158469945,994.377868852459,39,0.9,0,20.1,2.7
La Gomera,2025,5,19.14689389774601,15.574931280923584,22.719186366135236,0.07985960335771836,0.0924911598869329,0.06654673960654733,288.9511269928532,69.4011396011396,52.83265797221834,84.91136790878596,3.563998690954869,10.579256806964338,3429.1,1003.383653846154,1006.6070054945054,73.1,3,0,24.4,4.6
La Graciosa,2015,1,20.914851485148514,17.706930693069307,24.12013201320132,-0.2742061081267302,-0.3850168396797997,-0.16463906438630005,83.8,66.56175298804781,51.65182186234818,84.75303643724696,11.00738255033557,21.849668874172185,2101.4,1015.5633663366337,1018.6874587458746,85,0,0,9,0
La Graciosa,2016,1,20.850273224043715,17.78087431693989,23.9172131147541,-0.3387843692315293,-0.3110732158092162,-0.36755796283351927,115.2,69.24590163934427,55.540983606557376,85.22950819672131,5.7516279069767435,11.516279069767442,2405.4,1015.1409836065574,1018.2923497267759,93,0,0,3,0
La Graciosa,2017,1,21.41757925072046,18.18904899135447,24.649279538904896,0.22852165744521713,0.09710145860536201,0.3645084613172749,50.8,67.22988505747126,53.12068965517241,83.95114942528735,5.828412256267409,11.78072625698324,2530.2,1014.3329608938548,1017.5840782122905,118,1,0,13,2
La Graciosa,2018,1,20.485470085470087,17.543589743589745,23.42222222222222,-0.7035875078051568,-0.5483577891593612,-0.8625488553654002,135.2,69.62393162393163,56.21937321937322,86.01994301994301,5.790985915492958,11.511331444759207,2276.9,1014.6214689265537,1017.7562146892656,91,0,0,1,0
La Graciosa,2019,1,20.845479452054793,17.745479452054795,23.944657534246577,-0.34357814122045127,-0.34646808069431145,-0.3401135433410438,43.6,68.5068493150685,54.61643835616438,85.53424657534246,6.18599348534202,11.680514705882352,2477.8,1014.9805479452053,1018.0586301369862,95,0,0,2,0
La Graciosa,2020,1,21.324043715846994,18.127322404371586,24.51584699453552,0.1349861225717497,0.035374871622479986,0.23107591694789775,67.4,69.75277777777778,54.779661016949156,89.50847457627118,5.765217391304348,11.478481012658229,2602.1,1014.8188524590164,1018.1737704918032,119,0,0,6,0
La Graciosa,2021,1,20.81085714285714,17.789142857142856,23.833142857142857,-0.37820045041810246,-0.30280467560625013,-0.45162822044476414,64.2,69.67846607669617,55.76470588235294,86.50154798761609,5.975833333333333,11.747196261682243,2367.3,1014.5458689458688,1017.7230769230771,87,0,0,2,0
La Graciosa,2022,1,21.21896024464832,18.186850152905198,24.251376146788992,0.029902651373074463,0.09490262015609119,-0.033394930798628764,128,67.6697247706422,53.424657534246585,83.92602739726027,5.772384937238494,11.575,2529.9,1014.0890410958904,1017.3517808219178,96,0,0,9,0
La Graciosa,2023,1,22.22970297029703,19.004620462046205,25.455775577557755,1.0406453770217858,0.9126729292970985,1.1710044999701346,23.6,67.37953795379538,53.53465346534654,84.11551155115511,5.687128712871287,11.637623762376238,2225.9,1014.7501650165016,1017.8712871287129,142,1,0,16,7
La Graciosa,2024,1,21.753168044077135,18.628650137741047,24.87548209366391,0.5641104508018913,0.536702604991941,0.5907110160762876,27.2,66.63085399449035,52.696969696969695,84.01101928374656,5.934710743801653,12.17961432506887,2441.7,1014.27182320442,1017.4378453038674,110,0,0,9,0
La Graciosa,2025,1,21.22924791086351,18.30891364902507,24.147353760445682,0.040190317588265856,0.2169661162759624,-0.1374173171419386,127.39999999999999,68.78991596638656,55.8235294117647,84.05602240896359,5.787150837988828,11.06740947075209,2343.2,1014.4885793871867,1017.6869080779944,115,0,0,6,2
La Palma,2015,4,19.560564349621473,16.569167240192705,22.5532002752925,0.28709681994311964,0.632080696215672,-0.05626979638795859,393.9261823166552,70.50549450549451,55.83919777152678,84.57559522457312,4.262967224191736,10.52565929223293,2226.2,1014.1798898071625,1017.4137741046833,77.9,1,0,5.8,1.5
La Palma,2016,5,18.910027855153203,15.611264008550885,22.211189536151142,-0.36343967452515,-0.32582253542614836,-0.39828053552931664,321.8328151986183,70.09085872576178,56.06039098645086,84.2293668462746,4.128072328782261,10.800404604660054,2272.8,1013.396675900277,1016.6404432132964,64.2,2.6,0,14,3.2
La Palma,2017,5,19.37699716713881,16.08226628895184,22.66889990557129,0.10352963746045774,0.145179744974806,0.059429833890831674,265.6573219373219,69.58356781091727,54.82533515104551,84.22056234959864,4.004037541327276,10.641549664838958,2242.6,1012.7423822714682,1015.9842105263158,73.4,2.3,0,15.7,2.3
La Palma,2018,5,18.29379802414929,15.079747530186607,21.504334685040206,-0.9796695055290634,-0.8573390137904262,-1.105135386640253,437.04,71.60761589403974,57.28449709631443,86.19399847936998,4.275888173874283,11.081370944593054,2149.6,1013.2047091412743,1016.4656509695291,49.7,0.4,0,6.4,0.6
La Palma,2019,5,18.948162803843978,15.573146802834865,22.323120407009608,-0.32530472583437486,-0.3639397411421683,-0.2863496646708512,218.5431715575621,68.15554298642535,53.5295787917802,83.57309989125271,4.176076848533039,10.64094533058481,2213.8,1013.4153846153846,1016.5068681318681,59.3,1.4,0,9,2.5
La Palma,2020,5,19.622689994532532,16.217003827227995,23.031437944231822,0.3492224648541793,0.27991728325096155,0.42196787255136314,310.1078184800437,66.82930845225027,52.014487185117105,82.37488328134889,4.148444673188939,10.667170216140292,2326.2,1012.9335164835164,1016.3362637362638,76.2,4,0.2,18.2,3.2
La Palma,2021,5,18.978912685337725,15.743053267435474,22.215815485996703,-0.2945548443406274,-0.19403327654155866,-0.39365458568375544,343.44043141592925,69.71106219042377,56.04124601601118,83.79311738873785,4.150679779674837,10.631684711856405,2131.4,1012.678846153846,1015.9629120879121,65.8,3.6,0.2,14.2,3.4
La Palma,2022,5,19.23031301482702,15.80966501922021,22.648709500274578,-0.04315451485133437,-0.1274215247568229,0.039239428594118664,542.46,69.31040176114475,54.11481985677653,84.4534779057725,4.144265286218002,10.760049480905833,2475.8,1012.1005509641873,1015.4523415977961,68.2,2.6,0,12.6,3.6
La Palma,2023,5,20.244712328767122,16.67095890410959,23.816657534246577,0.9712447990887689,0.7338723601325565,1.207187462566118,401.06,66.2504118616145,51.56245315182712,81.95931291097534,3.9716845530916522,10.230388562889063,2672.1,1012.5002747252746,1015.7244505494506,92.4,4.2,0.6,29,4.2
La Palma,2024,5,19.781574630945872,16.263696008747953,23.300820120284307,0.5081071012675196,0.3266094647709199,0.691350048603848,303.12,68.09950792782942,52.074272190058196,83.89985395118224,4.219069148456792,10.733914092969504,2505.4,1012.2362637362637,1015.5631868131868,68.6,1.2,0,14,1.4
La Palma,2025,5,19.060389972144847,15.687983086289247,22.42998539438631,-0.21307755753350577,-0.2491034576877862,-0.1794846772941483,468.7309749303621,71.86737548964746,57.82049925047322,86.04493544460533,4.163325935902538,10.5476294210686,2412.9,1012.6440771349862,1015.9575757575759,68.6,1.6,0,15.1,3.7
Lanzarote,2015,5,19.923621590249567,16.626813697040046,23.219733023795705,-0.12796521368948888,-0.07350023761810931,-0.18260661996848526,99.86830122591944,70.60933108487914,54.51683528970548,87.74813989488989,5.498664175993801,12.422034994011252,2580.008653846154,1015.6271232876713,1018.9386301369863,59.3,0.2,0,23.2,3.5
Lanzarote,2016,5,19.64457300275482,16.43129476584022,22.856473829201104,-0.4070138011842346,-0.269019168817934,-0.5458658145630864,149.12893289328935,72.28281164195496,56.89591870966887,88.38949323555302,5.523815806948174,12.35022481268863,2944.8,1014.7497252747254,1018.129945054945,47.7,0.2,0,16,2
Lanzarote,2017,5,20.204357418643134,16.784886927744072,23.621070049641478,0.15277061470407816,0.08457299308591715,0.2187304058772881,51.739669421487605,69.16180517336268,53.03239589815872,86.42776099710069,5.36778965603679,12.47113644890352,3033.3,1014.0791780821918,1017.5731506849315,60.6,2,0,25.6,4.2
Lanzarote,2018,5,19.073666849917537,15.996866410115448,22.14997251236943,-0.9779199540215195,-0.7034475245427068,-1.2523671313947595,130.72388797364084,73.53296703296704,58.45433196091288,89.46888044938746,5.618828760237339,12.696577707590444,3129.1,1014.5406593406593,1017.9118131868132,40.2,0,0,7.2,0.4
Lanzarote,2019,5,19.59313399778516,16.274473975636766,22.914784053156147,-0.45845280615389683,-0.4258399590213884,-0.4875555906080429,51.24305478693968,70.41795154185021,54.29743402178603,87.59236243851126,5.625992238740425,12.468775054076701,3043.9,1014.6475274725275,1017.9307692307692,41.8,0,0,10.9,0.8
Lanzarote,2020,5,20.284678747940692,16.79357495881384,23.77589236683141,0.2330919440016359,0.09326102415568371,0.3735527230672204,72.4693698630137,67.77972602739726,50.69375816941401,86.64587607708827,5.353429407349693,12.18312407365199,3153.3,1014.4768595041322,1017.9650137741047,61.2,0.6,0,21.4,2
Lanzarote,2021,5,19.699556786703603,16.28487534626039,23.110249307479226,-0.35203001723545313,-0.41543858839776604,-0.2920903362849643,100.0600996126176,70.52954168967422,54.49577268312084,87.59027072939732,5.494911066062446,12.238251650171874,3174.3,1014.1035616438356,1017.4334246575343,41.2,0.8,0,16.3,3
Lanzarote,2022,5,20.377636664826063,16.976642738818335,23.77907233572612,0.32604986088700727,0.2763288041601797,0.37673269196193004,134.05124515772,69.45569620253164,53.12944002034127,86.51058235280112,5.53310104806353,12.346723524637216,3220.0999999999995,1013.7787292817678,1017.2450276243094,58.1,0.4,0,20.4,2.2
Lanzarote,2023,5,21.010225398570643,17.408466190214405,24.61110500274876,0.9586385946315872,0.70815225555625,1.2087653589845715,67.36651860077735,68.18201754385964,51.55689910003606,86.1869251412463,5.162828158158274,11.90389796606902,3228.1,1014.101095890411,1017.3912328767123,88.8,2.4,0,40.8,5.8
Lanzarote,2024,5,20.627982407916438,17.31605277625069,23.93815283122595,0.5763956039773817,0.6157388415925347,0.5358131874617591,59.07558968732858,68.69698630136986,52.38534400759058,86.08554903405712,5.660043165369923,12.510871086419677,3136.9000000000005,1013.934699453552,1017.2795081967213,57.2,0.2,0,14.8,0.4
Lanzarote,2025,5,20.128021978021977,16.809505494505494,23.44923076923077,0.07643517408292055,0.10919155984733919,0.04689112546657981,137.41502476609796,71.86028602860286,56.35189918123786,87.85008160703353,5.415244289541923,12.160729807767657,3028.5,1014.0687671232876,1017.4742465753424,63.5,1.6,0,19,5.2
Tenerife,2015,5,17.360694597574422,14.009812568908488,20.708599779492836,-0.3186314500714822,-0.372037135520662,-0.26771547522965733,407.31997786386273,58.670339761248854,42.46630153098875,77.2515970284385,3.9120280627067388,10.38540119628538,3802.9,770.09010989011006,772.8903846153845,33.4,0.4,0,8,0
Tenerife,2016,5,17.24915919282511,13.98054932735426,20.521132286995513,-0.43016685482079353,-0.4013003770748913,-0.4551829677269801,333.56951151038743,63.289970930232556,46.88123499920927,81.11936857604795,3.864374274598881,10.164816727798987,3828.7,769.5674863387978,772.4887978142076,15.2,0,0,5,0.8
Tenerife,2017,5,17.8771332961517,14.56207473508087,21.192526491912997,0.19780724850579645,0.18022503065171946,0.21621123719050317,191.52925472747495,60.63616714697406,44.755198693492495,78.19734092517697,3.98849192170658,10.465856001297606,3857.2999999999997,769.7241095890411,772.5120547945205,28.3,0.2,0,12.2,0.8
Tenerife,2018,5,16.732834994462902,13.57259676041175,19.891915836101884,-0.9464910531830029,-0.8092529440174001,-1.0843994186206096,380.2728242560359,64.93888888888888,48.75062411778649,82.00258487982101,4.188299048395792,10.609146946255137,3808.2,768.6797260273972,771.7134246575343,14.3,0,0,2.6,0
Tenerife,2019,5,17.346188091263215,14.057095158597663,20.631942125765164,-0.3331379563826893,-0.3247545458314871,-0.3443731289573293,266.9024013722127,57.08688245315162,42.01016854760148,74.70365533574605,3.8724182663319446,9.994445251934062,4005.7,769.6534246575343,772.3690410958905,14.8,0,0,3.2,0
Tenerife,2020,5,17.93141131246568,14.555793520043931,21.30521691378364,0.252085264819776,0.17394381561478056,0.3289016590611453,263.45233644859815,57.45191409897292,40.44267822257787,75.71838898958276,3.975796631765553,11.732979797979798,3793.7,769.7523287671233,772.8358904109589,29.5,0.4,0,10.4,0.6
Tenerife,2021,5,17.442715777899945,14.149477735019243,20.737713029136888,-0.23661026974595956,-0.23237196940990756,-0.2386022255856055,248.04581497797355,57.476765799256505,41.49684655625944,74.94816137050269,4.7860419261104195,11.167226461186882,3872.1,769.2821917808219,772.1717808219179,19.8,0,0,6.6,0.6
Tenerife,2022,5,17.80043859649123,14.54325657894737,21.05641447368421,0.12111254884532485,0.1614068745182191,0.0800992189617169,402.6050521691378,58.32965009208103,42.0297488134426,76.50669084440227,5.206597546289327,12.287654320987656,3774.2999999999997,769.0589041095891,772.0534246575343,25.8,0.2,0,7,0
Tenerife,2023,5,18.593029637760704,15.140175631174534,22.04676180021954,0.9137035901147996,0.7583259267453837,1.0704465454970453,269.83768513439384,56.928901200369346,40.5054929273011,76.22202519262085,4.706089286388166,11.13519117868433,3808.9,770.1175342465754,772.8654794520548,55.8,3.6,0,23.4,3.4
Tenerife,2024,5,18.454530477759473,15.103020318506314,21.803789126853374,0.7752044301135683,0.7211706140771632,0.8274738721308807,180.54770844837108,55.06870937790158,39.29255584459433,73.55331998127643,4.976381215469614,11.809668508287293,3883.5999999999995,769.9120218579235,772.7445355191256,27.9,0.4,0,8.8,0.4
Tenerife,2025,5,17.68445054945055,14.526494414676232,20.84345593800139,0.00512450180464441,0.14464471024708203,-0.13285931672110252,345.22824889867843,58.58394833948339,42.93581104989132,76.46050144063084,4.76154761904762,11.277277237209105,3977.3,769.4465753424657,772.3512328767124,33.9,1.2,0,8.6,0.6
